date,cbp_intake,cbp_custody,cbp_transferred_out,hhs_care,hhs_discharged,flag_transfer_exceeds_custody,flag_discharge_exceeds_care,gap_days,total_system_load,net_daily_intake,care_load_growth_pct,total_load_growth_pct,net_intake_positive,backlog_streak,hhs_care_roll7,hhs_care_roll14,total_load_roll7,net_intake_roll7,care_volatility_roll14,discharge_offset_ratio
2023-01-12,33.0,53.0,34.0,6566,436.0,False,False,,6619.0,-402.0,,,False,0,,,,,,12.823529411764707
2023-01-22,32.0,49.0,39.0,7122,227.0,False,False,10.0,7171.0,-188.0,8.467864757843447,8.339628342649942,False,0,,,,,,5.82051282051282
2023-01-23,32.0,50.0,39.0,7280,181.0,False,False,1.0,7330.0,-142.0,2.218477955630438,2.2172639799191263,False,0,6989.333333333333,,7040.0,-244.0,,4.641025641025641
2023-01-24,47.0,42.0,47.0,7433,175.0,True,False,1.0,7475.0,-128.0,2.101648351648344,1.9781718963165051,False,0,7100.25,,7148.75,-215.0,,3.723404255319149
2023-01-25,20.0,22.0,41.0,7538,180.0,True,False,1.0,7560.0,-139.0,1.412619399973103,1.1371237458194017,False,0,7187.8,7187.8,7231.0,-199.8,,4.390243902439025
2023-01-29,23.0,45.0,11.0,7472,303.0,False,False,4.0,7517.0,-292.0,-0.8755638100291896,-0.5687830687830742,False,0,7235.166666666667,7235.166666666667,7278.666666666667,-215.16666666666666,3.4746955144806133,27.545454545454547
2023-01-30,34.0,54.0,29.0,7743,196.0,False,False,1.0,7797.0,-167.0,3.626873661670227,3.7248902487694524,False,0,7307.714285714285,7307.714285714285,7352.714285714285,-208.28571428571428,3.1325715155092198,6.758620689655173
2023-01-31,26.0,36.0,36.0,7803,158.0,False,False,1.0,7839.0,-122.0,0.7748934521503381,0.538668718737978,False,0,7484.428571428572,7369.625,7527.0,-168.28571428571428,2.962787643097933,4.388888888888889
2023-02-01,25.0,32.0,27.0,7903,231.0,False,False,1.0,7935.0,-204.0,1.281558374983982,1.2246460007653948,False,0,7596.0,7428.888888888889,7636.142857142857,-170.57142857142858,2.778429597266207,8.555555555555555
2023-02-02,15.0,13.0,23.0,7879,298.0,True,False,1.0,7892.0,-275.0,-0.3036821460205008,-0.5419029615627013,False,0,7681.571428571428,7473.9,7716.428571428572,-189.57142857142858,2.7481985018479675,12.956521739130435
2023-02-05,16.0,18.0,15.0,7586,342.0,False,False,3.0,7604.0,-327.0,-3.7187460337606337,-3.6492650785605707,False,0,7703.428571428572,7484.090909090909,7734.857142857143,-218.0,3.173955066784058,22.8
2023-02-06,11.0,22.0,12.0,7720,196.0,False,False,1.0,7742.0,-184.0,1.7664118112312055,1.8148342977380327,False,0,7729.428571428572,7503.75,7760.857142857143,-224.42857142857142,3.0121607277942766,16.333333333333332
2023-02-07,16.0,20.0,20.0,7855,200.0,False,False,1.0,7875.0,-180.0,1.7487046632124414,1.7179023508137492,False,0,7784.142857142857,7530.7692307692305,7812.0,-208.42857142857142,2.872721929343437,10.0
2023-02-08,93.0,196.0,169.0,7915,317.0,False,False,1.0,8111.0,-148.0,0.7638446849140612,2.9968253968253977,False,0,7808.714285714285,7558.214285714285,7856.857142857143,-205.71428571428572,2.758871131666611,1.8757396449704142
2023-02-09,124.0,234.0,161.0,7908,353.0,False,False,1.0,8142.0,-192.0,-0.08843967150978793,0.3821970163974786,False,0,7823.714285714285,7654.071428571428,7900.142857142857,-215.71428571428572,2.683658686263662,2.1925465838509317
2023-02-12,92.0,203.0,173.0,7434,317.0,False,False,3.0,7637.0,-144.0,-5.993930197268593,-6.202407270940801,False,0,7756.714285714285,7676.357142857143,7857.571428571428,-207.14285714285714,2.5195843743522497,1.8323699421965318
2023-02-13,186.0,259.0,172.0,7483,244.0,False,False,1.0,7742.0,-72.0,0.6591337099811634,1.3748854262144894,False,0,7700.142857142857,7690.857142857143,7836.142857142857,-178.14285714285714,2.4638518488265935,1.4186046511627908
2023-02-14,154.0,225.0,220.0,7794,223.0,False,False,1.0,8019.0,-3.0,4.156087130829889,3.577886850942913,False,0,7729.857142857143,7716.642857142857,7895.428571428572,-131.85714285714286,2.639142503627582,1.0136363636363637
2023-02-15,91.0,199.0,172.0,7869,290.0,False,False,1.0,8068.0,-118.0,0.9622786759045487,0.6110487591969083,False,0,7751.142857142857,7740.285714285715,7942.0,-122.42857142857143,2.6282067378871146,1.686046511627907
2023-02-16,81.0,213.0,153.0,7793,361.0,False,False,1.0,8006.0,-208.0,-0.9658152242978724,-0.7684680218145723,False,0,7742.285714285715,7763.214285714285,7960.714285714285,-126.42857142857143,2.631526134202322,2.3594771241830066
2023-02-20,209.0,285.0,184.0,7817,209.0,False,False,4.0,8102.0,-25.0,0.3079686898498579,1.1991006744941357,False,0,7728.285714285715,7768.5,7959.428571428572,-108.85714285714286,2.4556327097153434,1.1358695652173914
2023-02-21,184.0,314.0,217.0,7967,213.0,False,False,1.0,8281.0,4.0,1.9188947166432158,2.209331029375461,True,2,7736.714285714285,7780.214285714285,7979.285714285715,-80.85714285714286,2.498603597489178,0.9815668202764977
2023-02-22,107.0,215.0,230.0,7978,232.0,True,False,1.0,8193.0,-2.0,0.138069536839458,-1.0626735901461126,False,0,7814.428571428572,7785.571428571428,8058.714285714285,-60.57142857142857,2.4783677258933676,1.008695652173913
2023-02-23,101.0,162.0,178.0,7914,386.0,True,False,1.0,8076.0,-208.0,-0.8022060666833752,-1.42804833394361,False,0,7876.0,7788.071428571428,8106.428571428572,-80.0,2.4881217033458083,2.168539325842697
2023-02-26,99.0,190.0,176.0,7609,323.0,False,False,3.0,7799.0,-147.0,-3.853929744756124,-3.42991579990094,False,0,7849.571428571428,7789.714285714285,8075.0,-100.57142857142857,2.504128909840379,1.8352272727272727
2023-02-27,167.0,239.0,166.0,7800,248.0,False,False,1.0,8039.0,-82.0,2.510185306873436,3.077317604821128,False,0,7839.714285714285,7795.428571428572,8070.857142857143,-95.42857142857143,2.5507723529013613,1.4939759036144578
2023-02-28,115.0,216.0,169.0,7896,200.0,False,False,1.0,8112.0,-31.0,1.2307692307692353,0.9080731434258027,False,0,7854.428571428572,7798.357142857143,8086.0,-70.14285714285714,2.5287495781213005,1.183431952662722
2023-03-01,84.0,158.0,193.0,7930,307.0,True,False,1.0,8088.0,-114.0,0.4305977710233,-0.295857988165682,False,0,7870.571428571428,7799.428571428572,8084.0,-82.85714285714286,2.5232515620786917,1.5906735751295338
2023-03-02,130.0,227.0,192.0,7870,335.0,False,False,1.0,8097.0,-143.0,-0.7566204287515754,0.1112759643916883,False,0,7856.714285714285,7796.714285714285,8057.714285714285,-103.85714285714286,2.5322434168701555,1.7447916666666667
2023-03-07,88.0,214.0,160.0,7859,259.0,False,False,5.0,8073.0,-99.0,-0.13977128335450617,-0.2964060763245624,False,0,7839.714285714285,7827.071428571428,8040.571428571428,-117.71428571428571,1.8616095429820423,1.61875
2023-03-08,113.0,208.0,159.0,7885,291.0,False,False,1.0,8093.0,-132.0,0.33083089451584335,0.24773937817414993,False,0,7835.571428571428,7855.785714285715,8043.0,-106.85714285714286,1.860351128658458,1.830188679245283
2023-03-09,174.0,285.0,150.0,7786,340.0,False,False,1.0,8071.0,-190.0,-1.2555485098287855,-0.27183986160880247,False,0,7860.857142857143,7855.214285714285,8081.857142857143,-113.0,1.5548937831405654,2.2666666666666666
2023-03-13,104.0,230.0,206.0,7567,249.0,False,False,4.0,7797.0,-43.0,-2.812740816850756,-3.3948705240986254,False,0,7827.571428571428,7833.642857142857,8047.285714285715,-107.42857142857143,1.6967772494582944,1.2087378640776698
2023-03-14,147.0,276.0,214.0,7810,181.0,False,False,1.0,8086.0,33.0,3.2113122769922064,3.70655380274465,True,2,7815.285714285715,7834.857142857143,8043.571428571428,-98.28571428571429,1.9171400928403106,0.8457943925233645
2023-03-15,108.0,220.0,213.0,7915,286.0,False,False,1.0,8135.0,-73.0,1.3444302176696565,0.6059856542171671,False,0,7813.142857142857,7841.857142857143,8050.285714285715,-92.42857142857143,1.948345827774461,1.3427230046948357
2023-03-16,180.0,280.0,146.0,7989,308.0,False,False,1.0,8269.0,-162.0,0.934933670246374,1.647203441917644,False,0,7830.142857142857,7843.428571428572,8074.857142857143,-95.14285714285714,1.8949629831181238,2.1095890410958904
2023-03-19,134.0,294.0,186.0,7885,306.0,False,False,3.0,8179.0,-120.0,-1.3017899611966421,-1.0884024670455905,False,0,7833.857142857143,7836.785714285715,8090.0,-98.14285714285714,1.9278121907257195,1.6451612903225807
2023-03-20,202.0,313.0,158.0,7931,279.0,False,False,1.0,8244.0,-121.0,0.5833861762840842,0.7947181807066883,False,0,7840.428571428572,7838.0,8111.571428571428,-96.57142857142857,1.9226913385472173,1.7658227848101267
2023-03-21,110.0,272.0,193.0,8050,221.0,False,False,1.0,8322.0,-28.0,1.5004413062665423,0.9461426491994107,False,0,7878.142857142857,7869.5,8147.428571428572,-73.42857142857143,1.5946920546903445,1.145077720207254
2023-03-22,166.0,277.0,229.0,8097,246.0,False,False,1.0,8374.0,-17.0,0.5838509316770102,0.6248497957221932,False,0,7953.857142857143,7890.714285714285,8229.857142857143,-69.71428571428571,1.4789113658788517,1.074235807860262
2023-03-23,136.0,276.0,178.0,8102,331.0,False,False,1.0,8378.0,-153.0,0.06175126590095559,0.04776689754000252,False,0,7995.571428571428,7905.428571428572,8271.57142857143,-96.28571428571429,1.4537321242887014,1.8595505617977528
2023-03-26,87.0,246.0,173.0,7847,352.0,False,False,3.0,8093.0,-179.0,-3.147371019501355,-3.4017665313917367,False,0,7985.857142857143,7899.5,8265.57142857143,-111.42857142857143,1.7021991804602323,2.0346820809248554
2023-03-27,84.0,171.0,157.0,7994,235.0,False,False,1.0,8165.0,-78.0,1.873327386262269,0.8896577289015273,False,0,7986.571428571428,7908.357142857143,8250.714285714286,-99.42857142857143,1.7636130397361616,1.4968152866242037
2023-03-28,167.0,209.0,157.0,8079,223.0,False,False,1.0,8288.0,-66.0,1.0632974731048295,1.5064298836497292,False,0,8014.285714285715,7924.071428571428,8266.285714285714,-91.71428571428571,1.7788995686565325,1.4203821656050954
2023-03-29,109.0,245.0,159.0,8208,267.0,False,False,1.0,8453.0,-108.0,1.596732268845158,1.9908301158301223,False,0,8053.857142857143,7947.142857142857,8296.142857142857,-89.85714285714286,1.8171576263553253,1.679245283018868
2023-03-30,156.0,256.0,176.0,8158,359.0,False,False,1.0,8414.0,-183.0,-0.6091617933723148,-0.4613746598840618,False,0,8069.285714285715,7973.714285714285,8309.285714285714,-112.0,1.7824028396964426,2.039772727272727
2023-04-02,125.0,232.0,192.0,7981,304.0,False,False,3.0,8213.0,-112.0,-2.169649423878406,-2.388875683384839,False,0,8052.714285714285,8003.285714285715,8286.285714285714,-125.57142857142857,1.7010914760429034,1.5833333333333333
2023-04-03,118.0,139.0,168.0,8054,284.0,True,False,1.0,8193.0,-116.0,0.9146723468236972,-0.24351637647631597,False,0,8045.857142857143,8020.714285714285,8259.857142857143,-120.28571428571429,1.5083987911408532,1.6904761904761905
2023-04-04,142.0,235.0,139.0,8068,259.0,False,False,1.0,8303.0,-120.0,0.17382666997765028,1.3426095447333086,False,0,8077.428571428572,8031.642857142857,8289.857142857143,-111.85714285714286,1.4739604223365113,1.8633093525179856
2023-04-05,148.0,245.0,175.0,8175,260.0,False,False,1.0,8420.0,-85.0,1.3262270699057943,1.4091292303986425,False,0,8103.285714285715,8044.928571428572,8326.285714285714,-112.85714285714286,1.4936289820933661,1.4857142857142858
2023-04-06,119.0,219.0,210.0,8178,284.0,False,False,1.0,8397.0,-74.0,0.03669724770642979,-0.2731591448931092,False,0,8117.428571428572,8065.857142857143,8341.857142857143,-114.0,1.4334572822722782,1.3523809523809525
2023-04-09,105.0,210.0,149.0,7900,329.0,False,False,3.0,8110.0,-180.0,-3.3993641477133796,-3.4178873407169186,False,0,8073.428571428572,8063.642857142857,8292.857142857143,-124.28571428571429,1.7309393991902782,2.208053691275168
2023-04-10,143.0,203.0,163.0,7826,265.0,False,False,1.0,8029.0,-102.0,-0.9367088607594942,-0.998766954377317,False,0,8026.0,8047.642857142857,8237.857142857143,-112.71428571428571,1.6889688541815013,1.6257668711656441
2023-04-11,119.0,209.0,152.0,7922,187.0,False,False,1.0,8131.0,-35.0,1.2266802964477463,1.2703948187819059,False,0,8017.571428571428,8035.142857142857,8226.142857142857,-101.71428571428571,1.7200188651749502,1.230263157894737
2023-04-12,155.0,212.0,181.0,7876,283.0,False,False,1.0,8088.0,-102.0,-0.5806614491290052,-0.5288402410527637,False,0,7992.142857142857,8019.0,8211.142857142857,-99.71428571428571,1.7227299233482558,1.5635359116022098
2023-04-13,109.0,214.0,173.0,7795,370.0,False,False,1.0,8009.0,-197.0,-1.0284408329101047,-0.97675568743818,False,0,7953.142857142857,8015.285714285715,8169.142857142857,-110.71428571428571,1.52439076540984,2.138728323699422
2023-04-16,191.0,283.0,192.0,7380,272.0,False,False,3.0,7663.0,-80.0,-5.32392559332906,-4.320139842676984,False,0,7839.571428571428,7971.428571428572,8061.0,-110.0,1.9771152551016855,1.4166666666666667
2023-04-17,170.0,297.0,196.0,7344,248.0,False,False,1.0,7641.0,-52.0,-0.4878048780487809,-0.2870938274827095,False,0,7720.428571428572,7918.928571428572,7953.0,-106.85714285714286,1.9224168054505189,1.2653061224489797
2023-04-18,152.0,272.0,214.0,7376,234.0,False,False,1.0,7648.0,-20.0,0.43572984749455923,0.0916110456746555,False,0,7645.571428571428,7859.5,7887.0,-84.0,1.8408184314725975,1.0934579439252337
2023-04-19,239.0,367.0,224.0,7356,229.0,False,False,1.0,7723.0,-5.0,-0.27114967462038564,0.9806485355648542,False,0,7578.428571428572,7802.214285714285,7843.285714285715,-70.14285714285714,1.8449409368495202,1.0223214285714286
2023-04-20,113.0,280.0,237.0,7490,320.0,False,False,1.0,7770.0,-83.0,1.8216421968461072,0.6085717985238936,False,0,7516.714285714285,7767.142857142857,7791.714285714285,-77.0,1.910945687143861,1.350210970464135
2023-04-23,196.0,306.0,187.0,7534,266.0,False,False,3.0,7840.0,-79.0,0.5874499332443328,0.9009009009008917,False,0,7467.857142857143,7730.0,7756.285714285715,-73.71428571428571,1.8951008517749417,1.4224598930481283
2023-04-24,236.0,330.0,222.0,7796,213.0,False,False,1.0,8126.0,9.0,3.47756835678259,3.647959183673466,True,2,7468.0,7710.571428571428,7773.0,-44.285714285714285,2.1662063206459266,0.9594594594594594
2023-04-25,81.0,230.0,242.0,8017,202.0,True,False,1.0,8247.0,40.0,2.834787070292455,1.4890475018459304,True,3,7559.0,7699.285714285715,7856.428571428572,-27.142857142857142,2.28351906459732,0.8347107438016529
2023-04-26,118.0,245.0,160.0,8117,256.0,False,False,1.0,8362.0,-96.0,1.2473493825620574,1.3944464653813604,False,0,7669.428571428572,7694.928571428572,7959.428571428572,-33.42857142857143,2.3124384616302445,1.6
2023-04-27,218.0,283.0,208.0,8159,310.0,False,False,1.0,8442.0,-102.0,0.5174325489712972,0.9567089213107005,False,0,7781.285714285715,7713.428571428572,8072.857142857143,-45.142857142857146,2.100442036436235,1.4903846153846154
2023-04-30,132.0,243.0,183.0,8352,293.0,False,False,3.0,8595.0,-110.0,2.3654859664174577,1.8123667377398789,False,0,7923.571428571428,7751.0,8197.42857142857,-60.142857142857146,2.1417612812877964,1.6010928961748634
2023-05-01,224.0,315.0,152.0,8492,237.0,False,False,1.0,8807.0,-85.0,1.676245210727978,2.4665503199534644,False,0,8066.714285714285,7791.714285714285,8345.57142857143,-60.42857142857143,2.157015616896566,1.5592105263157894
2023-05-02,167.0,326.0,213.0,8654,245.0,False,False,1.0,8980.0,-32.0,1.9076778144135664,1.964346542522999,False,0,8226.714285714286,7847.285714285715,8508.42857142857,-53.714285714285715,2.1619112052359037,1.1502347417840375
2023-05-03,209.0,353.0,232.0,8704,267.0,False,False,1.0,9057.0,-35.0,0.5777675063554533,0.8574610244988845,False,0,8356.42857142857,7912.214285714285,8641.42857142857,-60.0,2.105167677675647,1.1508620689655173
2023-05-04,153.0,253.0,286.0,8790,332.0,True,False,1.0,9043.0,-46.0,0.9880514705882248,-0.15457657060836683,False,0,8466.857142857143,8012.928571428572,8755.142857142857,-72.28571428571429,1.1485675647182239,1.1608391608391608
2023-05-07,180.0,337.0,219.0,8485,375.0,False,False,3.0,8822.0,-156.0,-3.469852104664395,-2.4438792436138446,False,0,8519.42857142857,8094.428571428572,8820.857142857143,-80.85714285714286,1.660571662254439,1.7123287671232876
2023-05-08,133.0,287.0,189.0,8590,261.0,False,False,1.0,8877.0,-72.0,1.2374779021803173,0.6234413965087171,False,0,8581.0,8181.142857142857,8883.0,-76.57142857142857,1.6515684840052918,1.380952380952381
2023-05-09,187.0,310.0,247.0,8606,250.0,False,False,1.0,8916.0,-3.0,0.1862630966239731,0.4393376140588101,False,0,8617.285714285714,8270.42857142857,8928.857142857143,-61.285714285714285,1.6265428051189237,1.0121457489878543
2023-05-10,168.0,285.0,210.0,8681,304.0,False,False,1.0,8966.0,-94.0,0.8714850104578176,0.56078959174517,False,0,8644.285714285714,8355.5,8951.57142857143,-62.57142857142857,1.6156848127404446,1.4476190476190476
2023-05-11,269.0,412.0,204.0,8672,392.0,False,False,1.0,9084.0,-188.0,-0.10367469185578182,1.3160829801472262,False,0,8646.857142857143,8436.785714285714,8966.42857142857,-84.85714285714286,1.6419667613219833,1.9215686274509804
2023-05-14,100.0,255.0,236.0,8445,288.0,False,False,3.0,8700.0,-52.0,-2.617619926199266,-4.227212681638049,False,0,8609.857142857143,8483.142857142857,8915.42857142857,-87.28571428571429,1.7457056134930435,1.2203389830508475
2023-05-15,205.0,294.0,177.0,8571,277.0,False,False,1.0,8865.0,-100.0,1.492007104795734,1.8965517241379404,False,0,8578.57142857143,8522.714285714286,8890.0,-95.0,1.6467967632302143,1.5649717514124293
2023-05-16,161.0,304.0,211.0,8572,272.0,False,False,1.0,8876.0,-61.0,0.01166725002916813,0.12408347433727762,False,0,8591.0,8555.214285714286,8897.714285714286,-81.42857142857143,1.6362296024447271,1.2890995260663507
2023-05-17,57.0,162.0,193.0,8569,307.0,True,False,1.0,8731.0,-114.0,-0.03499766682221184,-1.6336187471834185,False,0,8588.0,8584.5,8876.857142857143,-87.42857142857143,1.6399117832790306,1.5906735751295338
2023-05-18,80.0,122.0,152.0,8474,351.0,True,False,1.0,8596.0,-199.0,-1.1086474501108667,-1.5462146374985664,False,0,8569.142857142857,8593.214285714286,8831.142857142857,-115.42857142857143,1.5752335619667361,2.3092105263157894
2023-05-21,107.0,170.0,133.0,7826,343.0,False,False,3.0,7996.0,-210.0,-7.646919990559353,-6.979990693345739,False,0,8447.0,8545.642857142857,8692.57142857143,-132.0,2.5398979650577256,2.5789473684210527
2023-05-22,99.0,156.0,139.0,7848,240.0,False,False,1.0,8004.0,-101.0,0.28111423460259743,0.10005002501249916,False,0,8329.285714285714,8488.07142857143,8538.285714285714,-119.57142857142857,2.454563861361047,1.7266187050359711
2023-05-23,25.0,66.0,94.0,7788,246.0,True,False,1.0,7854.0,-152.0,-0.7645259938837912,-1.874062968515744,False,0,8235.42857142857,8422.642857142857,8417.42857142857,-133.85714285714286,2.4282830942539486,2.617021276595745
2023-05-24,35.0,70.0,53.0,7709,276.0,False,False,1.0,7779.0,-223.0,-1.0143810991268598,-0.9549274255156615,False,0,8112.285714285715,8345.42857142857,8262.285714285714,-151.42857142857142,2.375628836696152,5.2075471698113205
2023-05-25,43.0,73.0,64.0,7546,408.0,False,False,1.0,7619.0,-344.0,-2.114411726553378,-2.056819642627583,False,0,7965.714285714285,8278.357142857143,8082.714285714285,-191.85714285714286,2.289138142691449,6.375
2023-05-29,41.0,60.0,71.0,6996,207.0,True,False,4.0,7056.0,-136.0,-7.288629737609331,-7.389421183882394,False,0,7741.0,8164.5,7843.428571428572,-195.0,2.7835792899492224,2.915492957746479
2023-05-30,65.0,83.0,65.0,7046,168.0,False,False,1.0,7129.0,-103.0,0.7146941109205329,1.0345804988662222,False,0,7537.0,8053.071428571428,7633.857142857143,-181.28571428571428,2.810458504301781,2.5846153846153848
2023-05-31,38.0,80.0,82.0,7053,210.0,True,False,1.0,7133.0,-128.0,0.09934714731762995,0.05610885117126596,False,0,7426.571428571428,7936.785714285715,7510.571428571428,-169.57142857142858,2.7701594714625184,2.5609756097560976
2023-06-01,56.0,82.0,68.0,7002,287.0,False,False,1.0,7084.0,-219.0,-0.7230965546575874,-0.6869479882237517,False,0,7305.714285714285,7817.5,7379.142857142857,-186.42857142857142,2.7521420805297727,4.220588235294118
2023-06-04,74.0,103.0,80.0,6555,292.0,False,False,3.0,6658.0,-212.0,-6.383890317052265,-6.013551665725581,False,0,7129.571428571428,7682.5,7208.285714285715,-195.0,3.0408689665726754,3.65
2023-06-05,68.0,107.0,102.0,6523,189.0,False,False,1.0,6630.0,-87.0,-0.4881769641495004,-0.4205467107239458,False,0,6960.142857142857,7536.214285714285,7044.142857142857,-175.57142857142858,2.922281347265344,1.8529411764705883
2023-06-06,92.0,124.0,93.0,6508,187.0,False,False,1.0,6632.0,-94.0,-0.2299555419285615,0.030165912518853588,False,0,6811.857142857143,7388.785714285715,6903.142857142857,-139.85714285714286,2.910877176806412,2.010752688172043
2023-06-07,113.0,162.0,107.0,6483,208.0,False,False,1.0,6645.0,-101.0,-0.3841425937307963,0.19601930036188264,False,0,6738.571428571428,7239.785714285715,6844.428571428572,-134.85714285714286,2.895054782465388,1.9439252336448598
2023-06-08,106.0,196.0,131.0,6446,255.0,False,False,1.0,6642.0,-124.0,-0.5707234305105668,-0.04514672686229959,False,0,6652.857142857143,7094.928571428572,6774.857142857143,-137.85714285714286,2.9103558153347677,1.9465648854961832
2023-06-11,86.0,152.0,168.0,6007,238.0,True,False,3.0,6159.0,-70.0,-6.810425069810733,-7.271906052393861,False,0,6503.428571428572,6965.0,6635.714285714285,-129.57142857142858,2.78922534576034,1.4166666666666667
2023-06-12,84.0,118.0,136.0,6021,177.0,True,False,1.0,6139.0,-41.0,0.2330614283336141,-0.32472804026627555,False,0,6363.285714285715,6834.5,6500.714285714285,-104.14285714285714,2.7864504013594913,1.3014705882352942
2023-06-13,59.0,64.0,117.0,6061,146.0,True,False,1.0,6125.0,-29.0,0.6643414715163498,-0.22805017103763037,False,0,6292.714285714285,6711.142857142857,6424.571428571428,-78.0,2.8541216182082216,1.2478632478632479
2023-06-14,62.0,97.0,52.0,6065,167.0,False,False,1.0,6162.0,-115.0,0.06599571027883222,0.604081632653064,False,0,6227.285714285715,6593.714285714285,6357.714285714285,-82.0,2.8895040873712756,3.2115384615384617
2023-06-15,91.0,75.0,97.0,6038,272.0,True,False,1.0,6113.0,-175.0,-0.44517724649628665,-0.7951963648166194,False,0,6160.142857142857,6486.0,6283.571428571428,-93.57142857142857,2.9036396240402813,2.804123711340206
2023-06-19,29.0,51.0,11.0,5679,142.0,False,False,4.0,5730.0,-131.0,-5.9456773766147775,-6.265336168820546,False,0,6045.285714285715,6391.928571428572,6152.857142857143,-97.85714285714286,2.7151496557784123,12.909090909090908
2023-06-20,33.0,53.0,34.0,5904,134.0,False,False,1.0,5957.0,-100.0,3.961965134706813,3.961605584642225,False,0,5967.857142857143,6310.357142857143,6055.0,-94.42857142857143,3.0336845158945023,3.9411764705882355
2023-06-21,93.0,196.0,169.0,5922,149.0,False,False,1.0,6118.0,20.0,0.304878048780477,2.7027027027026973,True,2,5955.714285714285,6229.571428571428,6049.142857142857,-81.57142857142857,3.041002831806315,0.8816568047337278
2023-06-22,124.0,234.0,161.0,5956,207.0,False,False,1.0,6190.0,-46.0,0.5741303613644,1.1768551814318462,False,0,5946.428571428572,6154.857142857143,6056.428571428572,-82.28571428571429,3.0760977082448036,1.2857142857142858
2023-06-25,92.0,203.0,173.0,5766,263.0,False,False,3.0,5969.0,-90.0,-3.1900604432505086,-3.5702746365104954,False,0,5904.285714285715,6098.5,6034.142857142857,-91.0,2.7561915302085733,1.5202312138728324
2023-06-26,186.0,259.0,172.0,5819,174.0,False,False,1.0,6078.0,-2.0,0.9191814082552874,1.8261015245434775,False,0,5869.142857142857,6048.214285714285,6022.142857142857,-74.85714285714286,2.7967794097333893,1.0116279069767442
2023-06-27,154.0,225.0,220.0,5917,155.0,False,False,1.0,6142.0,65.0,1.684138168070115,1.0529779532741035,True,2,5851.857142857143,6006.0,6026.285714285715,-40.57142857142857,2.8712765767670887,0.7045454545454546
2023-06-28,91.0,199.0,172.0,5999,174.0,False,False,1.0,6198.0,-2.0,1.3858374176102695,0.9117551286226044,False,0,5897.571428571428,5971.428571428572,6093.142857142857,-22.142857142857142,2.9218583040742105,1.0116279069767442
2023-06-29,81.0,213.0,153.0,6058,213.0,False,False,1.0,6271.0,-60.0,0.9834972495415872,1.177799290093584,False,0,5919.571428571428,5943.714285714285,6138.0,-16.428571428571427,2.9488585351385606,1.392156862745098
2023-07-02,209.0,285.0,184.0,5903,309.0,False,False,3.0,6188.0,-125.0,-2.5586001980851814,-1.3235528623823933,False,0,5916.857142857143,5936.285714285715,6148.0,-37.142857142857146,2.407174840585235,1.6793478260869565
2023-07-04,184.0,314.0,217.0,6127,124.0,False,False,2.0,6441.0,93.0,3.7946806708453407,4.088558500323214,True,2,5941.285714285715,5943.857142857143,6183.857142857143,-17.285714285714285,2.6232806865420835,0.5714285714285714
2023-07-05,107.0,215.0,230.0,6193,167.0,True,False,1.0,6408.0,63.0,1.077199281867136,-0.5123428039124356,True,3,6002.285714285715,5953.285714285715,6246.571428571428,4.571428571428571,2.6317287365052984,0.7260869565217392
2023-07-06,101.0,162.0,178.0,6239,205.0,True,False,1.0,6401.0,-27.0,0.7427740997900889,-0.10923845193507864,False,0,6062.285714285715,5965.714285714285,6292.714285714285,1.0,2.635556539483017,1.151685393258427
2023-07-09,99.0,190.0,176.0,6214,196.0,False,False,3.0,6404.0,-20.0,-0.40070524122455264,0.04686767692547722,False,0,6104.714285714285,5978.285714285715,6330.142857142857,-11.142857142857142,2.634700452703968,1.1136363636363635
2023-07-10,167.0,239.0,166.0,6346,163.0,False,False,1.0,6585.0,3.0,2.124235597038937,2.826358525921302,True,2,6154.285714285715,6025.928571428572,6385.428571428572,-10.428571428571429,1.9788947357118316,0.9819277108433735
2023-07-11,115.0,216.0,169.0,6498,143.0,False,False,1.0,6714.0,26.0,2.39520958083832,1.9589977220956678,True,3,6217.142857142857,6068.357142857143,6448.714285714285,1.8571428571428572,1.8255688143464355,0.8461538461538461
2023-07-12,84.0,158.0,193.0,6521,210.0,True,False,1.0,6679.0,-17.0,0.35395506309634506,-0.5212987786714307,False,0,6305.428571428572,6111.142857142857,6518.857142857143,17.285714285714285,1.8247933070928666,1.0880829015544042
2023-07-13,130.0,227.0,192.0,6604,226.0,False,False,1.0,6831.0,-34.0,1.272810918570766,2.2757897888905587,False,0,6373.571428571428,6157.428571428572,6574.571428571428,-0.8571428571428571,1.8304515581757008,1.1770833333333333
2023-07-16,88.0,214.0,160.0,6468,218.0,False,False,3.0,6682.0,-58.0,-2.059357964869779,-2.1812326160152273,False,0,6412.857142857143,6207.571428571428,6613.714285714285,-18.142857142857142,1.659951108007254,1.3625
2023-07-17,113.0,208.0,159.0,6632,160.0,False,False,1.0,6840.0,-1.0,2.535559678416832,2.3645615085303717,False,0,6469.0,6265.642857142857,6676.428571428572,-14.428571428571429,1.7212059080957842,1.0062893081761006
2023-07-18,174.0,285.0,150.0,6874,181.0,False,False,1.0,7159.0,-31.0,3.648974668275029,4.66374269005847,False,0,6563.285714285715,6334.0,6784.285714285715,-16.0,1.8599861340136479,1.2066666666666668
2023-07-19,104.0,230.0,206.0,7001,226.0,False,False,1.0,7231.0,-20.0,1.8475414605760854,1.005727056851513,False,0,6656.857142857143,6405.571428571428,6876.571428571428,-19.285714285714285,1.86965387804528,1.0970873786407767
2023-07-20,147.0,276.0,214.0,7116,281.0,False,False,1.0,7392.0,-67.0,1.6426224825025093,2.2265246853823806,False,0,6745.142857142857,6481.142857142857,6973.428571428572,-32.57142857142857,1.8740950465299206,1.3130841121495327
2023-07-23,108.0,220.0,213.0,7052,276.0,False,False,3.0,7272.0,-63.0,-0.8993816750983652,-1.6233766233766267,False,0,6821.0,6563.214285714285,7058.142857142857,-39.142857142857146,1.6602481389193138,1.295774647887324
2023-07-24,180.0,280.0,146.0,7220,187.0,False,False,1.0,7500.0,-41.0,2.382302892796373,3.1353135313531455,False,0,6909.0,6641.285714285715,7153.714285714285,-40.142857142857146,1.5345752744831003,1.2808219178082192
2023-07-25,134.0,294.0,186.0,7510,136.0,False,False,1.0,7804.0,50.0,4.016620498614953,4.053333333333331,True,2,7057.857142857143,6735.357142857143,7314.0,-24.714285714285715,1.7090777587601937,0.7311827956989247
2023-07-26,202.0,313.0,158.0,7647,215.0,False,False,1.0,7960.0,-57.0,1.8242343541944095,1.9989748846745314,False,0,7202.857142857143,6835.928571428572,7474.0,-32.714285714285715,1.7014995390965761,1.360759493670886
2023-07-27,110.0,272.0,193.0,7754,259.0,False,False,1.0,8026.0,-66.0,1.3992415326271823,0.8291457286432102,False,0,7328.571428571428,6945.928571428572,7597.857142857143,-37.714285714285715,1.6144410928862456,1.3419689119170986
2023-07-30,166.0,277.0,229.0,7671,305.0,False,False,3.0,7948.0,-76.0,-1.0704152695383051,-0.9718415150759996,False,0,7424.285714285715,7040.571428571428,7700.285714285715,-45.714285714285715,1.7551981158071503,1.331877729257642
2023-07-31,136.0,276.0,178.0,7800,220.0,False,False,1.0,8076.0,-42.0,1.6816581931951458,1.610468042274782,False,0,7522.0,7133.571428571428,7798.0,-42.142857142857146,1.7336106837712855,1.2359550561797752
2023-08-01,87.0,246.0,173.0,8103,168.0,False,False,1.0,8349.0,5.0,3.8846153846153753,3.3803863298662806,True,2,7672.142857142857,7246.571428571428,7951.857142857143,-32.42857142857143,1.8350284942873025,0.9710982658959537
2023-08-02,84.0,171.0,157.0,8261,271.0,False,False,1.0,8432.0,-114.0,1.9498951005800347,0.9941310336567311,False,0,7820.857142857143,7364.928571428572,8085.0,-42.857142857142854,1.8352583262796407,1.7261146496815287
2023-08-03,167.0,209.0,157.0,8294,339.0,False,False,1.0,8503.0,-182.0,0.3994673768308976,0.8420303605312984,False,0,7932.857142857143,7495.357142857143,8184.857142857143,-76.0,1.550926790027444,2.159235668789809
2023-08-06,109.0,245.0,159.0,8298,322.0,False,False,3.0,8543.0,-163.0,0.04822763443452782,0.4704222039280337,False,0,8025.857142857143,7614.357142857143,8268.142857142857,-91.14285714285714,1.6021826517816824,2.0251572327044025
2023-08-07,156.0,256.0,176.0,8493,202.0,False,False,1.0,8749.0,-26.0,2.349963846710046,2.4113309141987616,False,0,8131.428571428572,7730.0,8371.42857142857,-85.42857142857143,1.5109973472614822,1.1477272727272727
2023-08-08,125.0,232.0,192.0,8725,207.0,False,False,1.0,8957.0,-15.0,2.7316613681855673,2.3774145616641817,False,0,8282.0,7853.142857142857,8515.57142857143,-76.71428571428571,1.5433024260480082,1.078125
2023-08-09,118.0,139.0,168.0,8888,251.0,True,False,1.0,9027.0,-83.0,1.8681948424068784,0.7815116668527411,False,0,8437.42857142857,7979.714285714285,8651.42857142857,-82.57142857142857,1.5450058177772856,1.494047619047619
2023-08-10,142.0,235.0,139.0,8914,353.0,False,False,1.0,9149.0,-214.0,0.29252925292528875,1.3515010523983628,False,0,8553.285714285714,8112.714285714285,8765.714285714286,-113.85714285714286,1.4240878470772849,2.539568345323741
2023-08-16,148.0,245.0,175.0,9634,288.0,False,False,6.0,9879.0,-113.0,8.077181960960278,7.979014099901627,False,0,8749.42857142857,8285.142857142857,8972.42857142857,-113.71428571428571,2.223730680570509,1.6457142857142857
2023-08-17,119.0,219.0,210.0,9694,407.0,False,False,1.0,9913.0,-197.0,0.6227942702927036,0.34416438910820357,False,0,8949.42857142857,8441.142857142857,9173.857142857143,-115.85714285714286,2.1837940366145974,1.938095238095238
2023-08-20,105.0,210.0,149.0,9483,390.0,False,False,3.0,9693.0,-241.0,-2.1766040850010326,-2.219307979420959,False,0,9118.714285714286,8572.285714285714,9338.142857142857,-127.0,2.4362169980732444,2.61744966442953
2023-08-21,143.0,203.0,163.0,9668,281.0,False,False,1.0,9871.0,-118.0,1.9508594326689943,1.8363767667388897,False,0,9286.57142857143,8709.0,9498.42857142857,-140.14285714285714,2.4376056093142497,1.7239263803680982
2023-08-22,119.0,209.0,152.0,9921,230.0,False,False,1.0,10130.0,-78.0,2.616880430285473,2.623847634484844,False,0,9457.42857142857,8869.714285714286,9666.0,-149.14285714285714,2.3215729851824203,1.513157894736842
2023-08-23,155.0,212.0,181.0,10071,285.0,False,False,1.0,10283.0,-104.0,1.5119443604475258,1.5103652517275412,False,0,9626.42857142857,9031.92857142857,9845.42857142857,-152.14285714285714,2.3231217892541003,1.574585635359116
2023-08-24,109.0,214.0,173.0,10026,443.0,False,False,1.0,10240.0,-270.0,-0.44682752457551045,-0.41816590489156535,False,0,9785.285714285714,9169.285714285714,10001.285714285714,-160.14285714285714,2.3220702101048314,2.560693641618497
2023-08-27,191.0,283.0,192.0,9873,488.0,False,False,3.0,10156.0,-296.0,-1.526032315978454,-0.8203124999999978,False,0,9819.42857142857,9284.42857142857,10040.857142857143,-186.28571428571428,2.4586259111429483,2.5416666666666665
2023-08-28,170.0,297.0,196.0,10012,388.0,False,False,1.0,10309.0,-192.0,1.4078800769776079,1.5064986215045373,False,0,9864.857142857143,9407.142857142857,10097.42857142857,-185.57142857142858,2.444674899187878,1.9795918367346939
2023-08-29,152.0,272.0,214.0,10180,286.0,False,False,1.0,10452.0,-72.0,1.6779864163004365,1.387137452711218,False,0,9964.42857142857,9541.57142857143,10205.857142857143,-161.42857142857142,2.4149709480151755,1.3364485981308412
2023-08-30,239.0,367.0,224.0,10280,366.0,False,False,1.0,10647.0,-142.0,0.982318271119853,1.8656716417910557,False,0,10051.857142857143,9669.214285714286,10316.714285714286,-164.85714285714286,2.405457376444957,1.6339285714285714
2023-08-31,113.0,280.0,237.0,10140,505.0,False,False,1.0,10420.0,-268.0,-1.3618677042801508,-2.1320559782098236,False,0,10083.142857142857,9770.285714285714,10358.142857142857,-192.0,2.4787278377327118,2.130801687763713
2023-09-04,196.0,306.0,187.0,9988,293.0,False,False,4.0,10294.0,-106.0,-1.4990138067061176,-1.2092130518234212,False,0,10071.285714285714,9848.857142857143,10359.714285714286,-192.28571428571428,2.5611723852265746,1.5668449197860963
2023-09-05,236.0,330.0,222.0,10142,243.0,False,False,1.0,10472.0,-21.0,1.541850220264318,1.7291626190013565,False,0,10087.857142857143,9936.57142857143,10392.857142857143,-156.71428571428572,2.561402781273581,1.0945945945945945
2023-09-06,81.0,230.0,242.0,10356,291.0,True,False,1.0,10586.0,-49.0,2.1100374679550393,1.0886172650878434,False,0,10156.857142857143,9988.142857142857,10454.285714285714,-121.42857142857143,1.602004920727499,1.2024793388429753
2023-09-07,118.0,245.0,160.0,10419,398.0,False,False,1.0,10664.0,-238.0,0.6083429895712644,0.7368222180238027,False,0,10215.0,10039.92857142857,10505.0,-128.0,1.6019447987532403,2.4875
2023-09-10,218.0,283.0,208.0,10282,382.0,False,False,3.0,10565.0,-174.0,-1.3149054611766964,-0.9283570892723136,False,0,10229.57142857143,10097.0,10521.142857142857,-142.57142857142858,1.5035502669823817,1.8365384615384615
2023-09-11,132.0,243.0,183.0,10492,277.0,False,False,1.0,10735.0,-94.0,2.042404201517223,1.6090866067203002,False,0,10259.857142857143,10155.857142857143,10533.714285714286,-135.71428571428572,1.51010881907583,1.5136612021857923
2023-09-12,224.0,315.0,152.0,10649,316.0,False,False,1.0,10964.0,-164.0,1.496378192908887,2.133209129017244,False,0,10332.57142857143,10207.857142857143,10611.42857142857,-120.85714285714286,1.421909207129558,2.0789473684210527
2023-09-13,167.0,326.0,213.0,10678,343.0,False,False,1.0,11004.0,-130.0,0.2723260400037564,0.36483035388543694,False,0,10431.142857142857,10251.214285714286,10712.857142857143,-124.28571428571429,1.39346266074507,1.6103286384976525
2023-09-14,209.0,353.0,232.0,10837,414.0,False,False,1.0,11190.0,-182.0,1.489042891927328,1.6902944383860419,False,0,10530.42857142857,10309.142857142857,10815.42857142857,-147.28571428571428,1.3960303748244853,1.7844827586206897
2023-09-17,153.0,253.0,286.0,10799,427.0,True,False,3.0,11052.0,-141.0,-0.35065054904493964,-1.2332439678284235,False,0,10593.714285714286,10375.285714285714,10882.0,-160.42857142857142,1.2919936299078214,1.493006993006993
2023-09-18,180.0,337.0,219.0,10892,313.0,False,False,1.0,11229.0,-94.0,0.8611908510047117,1.601520086862096,False,0,10661.285714285714,10438.142857142857,10962.714285714286,-139.85714285714286,1.275486509841596,1.4292237442922375
2023-09-19,133.0,287.0,189.0,11095,260.0,False,False,1.0,11382.0,-71.0,1.8637532133676027,1.362543414373496,False,0,10777.42857142857,10503.5,11079.42857142857,-125.14285714285714,1.2883407132258347,1.3756613756613756
2023-09-20,187.0,310.0,247.0,11064,364.0,False,False,1.0,11374.0,-117.0,-0.27940513744930673,-0.07028641714988959,False,0,10859.142857142857,10559.5,11170.714285714286,-128.42857142857142,1.30539296341451,1.4736842105263157
2023-09-21,168.0,285.0,210.0,11067,428.0,False,False,1.0,11352.0,-218.0,0.027114967462038564,-0.19342359767892114,False,0,10918.857142857143,10625.714285714286,11226.142857142857,-136.14285714285714,1.1986140052423095,2.038095238095238
2023-09-24,269.0,412.0,204.0,10744,403.0,False,False,3.0,11156.0,-199.0,-2.9185867895545337,-1.7265680056377741,False,0,10928.285714285714,10679.714285714286,11247.857142857143,-146.0,1.4305038682896423,1.9754901960784315
2023-09-25,100.0,255.0,236.0,10842,284.0,False,False,1.0,11097.0,-48.0,0.9121370067014078,-0.5288633918967389,False,0,10929.0,10729.714285714286,11234.57142857143,-126.85714285714286,1.4060008739243945,1.2033898305084745
2023-09-26,205.0,294.0,177.0,10978,332.0,False,False,1.0,11272.0,-155.0,1.2543811104962277,1.5770027935477993,False,0,10954.57142857143,10774.142857142857,11266.0,-128.85714285714286,1.347401232206078,1.8757062146892656
2023-09-27,161.0,304.0,211.0,11017,331.0,False,False,1.0,11321.0,-120.0,0.3552559664784072,0.434705464868701,False,0,10972.42857142857,10816.857142857143,11279.142857142857,-132.57142857142858,1.3464635833106806,1.5687203791469195
2023-09-28,57.0,162.0,193.0,10984,447.0,True,False,1.0,11146.0,-254.0,-0.2995370790596308,-1.545799841003448,False,0,10956.57142857143,10867.0,11245.42857142857,-158.71428571428572,1.2718044633651844,2.316062176165803
2023-10-01,80.0,122.0,152.0,10598,493.0,True,False,3.0,10720.0,-341.0,-3.514202476329209,-3.8219989233805873,False,0,10890.0,10874.57142857143,11152.0,-190.71428571428572,1.5772190796127425,3.2434210526315788
2023-10-02,107.0,170.0,133.0,10724,284.0,False,False,1.0,10894.0,-151.0,1.1889035667107084,1.6231343283582111,False,0,10841.0,10879.92857142857,11086.57142857143,-181.14285714285714,1.5580561949620475,2.1353383458646618
2023-10-03,99.0,156.0,139.0,10818,287.0,False,False,1.0,10974.0,-148.0,0.876538604998145,0.7343491830365423,False,0,10851.57142857143,10889.92857142857,11060.57142857143,-173.85714285714286,1.5726437712918717,2.064748201438849
2023-10-04,25.0,66.0,94.0,10963,330.0,True,False,1.0,11029.0,-236.0,1.3403586614901153,0.5011846181884438,False,0,10868.857142857143,10898.92857142857,11050.857142857143,-200.71428571428572,1.563048808570812,3.5106382978723403
2023-10-05,35.0,70.0,53.0,11130,427.0,False,False,1.0,11200.0,-374.0,1.5233056645078902,1.5504578837610028,False,0,10890.57142857143,10922.57142857143,11040.57142857143,-232.0,1.6017924904882137,8.056603773584905
2023-10-09,43.0,73.0,64.0,10815,282.0,False,False,4.0,10888.0,-218.0,-2.8301886792452824,-2.7857142857142803,False,0,10861.714285714286,10917.07142857143,10978.714285714286,-246.0,1.7830931037546418,4.40625
2023-10-10,41.0,60.0,71.0,10910,257.0,True,False,1.0,10970.0,-186.0,0.878409616273701,0.7531227038942045,False,0,10851.142857142857,10903.857142857143,10953.57142857143,-236.28571428571428,1.7207052372330323,3.619718309859155
2023-10-11,65.0,83.0,65.0,10960,266.0,False,False,1.0,11043.0,-201.0,0.45829514207149646,0.6654512306289773,False,0,10902.857142857143,10896.42857142857,10999.714285714286,-216.28571428571428,1.7262763939782717,4.092307692307692
2023-10-12,38.0,80.0,82.0,10992,398.0,True,False,1.0,11072.0,-316.0,0.29197080291971655,0.2626097980621189,False,0,10941.142857142857,10891.07142857143,11025.142857142857,-239.85714285714286,1.728676423201037,4.853658536585366
2023-10-15,56.0,82.0,68.0,10571,434.0,False,False,3.0,10653.0,-366.0,-3.8300582241630243,-3.7843208092485536,False,0,10905.857142857143,10878.714285714286,10979.285714285714,-271.0,1.8579798339951785,6.382352941176471
2023-10-16,74.0,103.0,80.0,10629,331.0,False,False,1.0,10732.0,-251.0,0.5486708920631855,0.7415751431521622,False,0,10858.142857142857,10863.5,10936.857142857143,-273.14285714285717,1.845250939204262,4.1375
2023-10-17,68.0,107.0,102.0,10630,315.0,False,False,1.0,10737.0,-213.0,0.009408222786722042,0.04658963846440045,False,0,10786.714285714286,10838.642857142857,10870.714285714286,-250.14285714285714,1.8031515367694582,3.088235294117647
2023-10-18,92.0,124.0,93.0,10511,393.0,False,False,1.0,10635.0,-300.0,-1.1194731890874832,-0.9499860296172113,False,0,10743.285714285714,10802.5,10834.57142857143,-261.85714285714283,1.8103688205206403,4.225806451612903
2023-10-19,113.0,162.0,107.0,10319,406.0,False,False,1.0,10481.0,-299.0,-1.8266577870801992,-1.4480488951574944,False,0,10658.857142857143,10755.0,10764.714285714286,-278.0,1.8545205254559909,3.794392523364486
2023-10-22,106.0,196.0,131.0,9506,454.0,False,False,3.0,9702.0,-323.0,-7.878670413799782,-7.432496899150842,False,0,10451.142857142857,10677.0,10573.142857142857,-295.42857142857144,2.621354664257252,3.4656488549618323
2023-10-23,86.0,152.0,168.0,9436,327.0,True,False,1.0,9588.0,-159.0,-0.7363770250368162,-1.1750154607297447,False,0,10228.857142857143,10585.0,10361.142857142857,-273.0,2.5621739004135873,1.9464285714285714
2023-10-24,84.0,118.0,136.0,9396,300.0,True,False,1.0,9514.0,-164.0,-0.4239084357778755,-0.7717980809345049,False,0,10061.0,10483.42857142857,10198.42857142857,-244.14285714285714,2.5168370551925174,2.2058823529411766
2023-10-25,59.0,64.0,117.0,9351,293.0,True,False,1.0,9415.0,-176.0,-0.47892720306513814,-1.0405717889426125,False,0,9878.42857142857,10368.285714285714,10010.285714285714,-233.42857142857142,2.4339142040229365,2.5042735042735043
2023-10-26,62.0,97.0,52.0,9235,390.0,False,False,1.0,9332.0,-338.0,-1.240509036466686,-0.8815719596388716,False,0,9679.142857142857,10232.92857142857,9809.57142857143,-251.28571428571428,2.313804434870286,7.5
2023-10-29,91.0,75.0,97.0,8925,418.0,True,False,3.0,9000.0,-321.0,-3.356794802382246,-3.557651093013292,False,0,9452.57142857143,10097.92857142857,9576.0,-254.28571428571428,2.344695416232667,4.309278350515464
2023-10-30,29.0,51.0,11.0,9026,278.0,False,False,1.0,9077.0,-267.0,1.1316526610644306,0.855555555555565,False,0,9267.857142857143,9963.357142857143,9375.42857142857,-249.71428571428572,2.36399103641059,25.272727272727273
2023-10-31,33.0,53.0,34.0,9072,295.0,False,False,1.0,9125.0,-261.0,0.5096388211832448,0.5288090778891696,False,0,9205.857142857143,9828.5,9293.0,-240.85714285714286,2.3669965297574085,8.676470588235293
2023-11-01,132.0,235.0,197.0,9250,279.0,False,False,1.0,9485.0,-82.0,1.9620811287478057,3.945205479452052,False,0,9179.285714285714,9704.07142857143,9278.285714285714,-229.85714285714286,2.492913617316528,1.416243654822335
2023-11-02,174.0,208.0,256.0,9442,330.0,True,False,1.0,9650.0,-74.0,2.075675675675681,1.7395888244596813,False,0,9185.857142857143,9623.42857142857,9297.714285714286,-217.0,2.5123157859323517,1.2890625
2023-11-05,123.0,230.0,167.0,9273,370.0,False,False,3.0,9503.0,-203.0,-1.7898750264774388,-1.523316062176161,False,0,9174.714285714286,9526.57142857143,9310.285714285714,-220.85714285714286,2.4953550483735607,2.215568862275449
2023-11-06,123.0,233.0,159.0,9286,316.0,False,False,1.0,9519.0,-157.0,0.14019195513856886,0.1683678838261704,False,0,9182.0,9430.57142857143,9337.0,-195.0,2.4994249599714196,1.9874213836477987
2023-11-07,141.0,232.0,188.0,9483,231.0,False,False,1.0,9715.0,-43.0,2.121473185440448,2.0590398151066225,False,0,9261.714285714286,9357.142857142857,9439.142857142857,-155.28571428571428,2.627421703955092,1.2287234042553192
2023-11-08,158.0,226.0,191.0,9634,310.0,False,False,1.0,9860.0,-119.0,1.5923231045027908,1.4925373134328401,False,0,9348.57142857143,9308.214285714286,9551.0,-134.14285714285714,2.6730782876926624,1.6230366492146597
2023-11-12,96.0,160.0,233.0,9477,313.0,True,False,4.0,9637.0,-80.0,-1.629645007265934,-2.2616632860040564,False,0,9406.42857142857,9306.142857142857,9624.142857142857,-108.28571428571429,1.6726516500750648,1.3433476394849786
2023-11-13,141.0,173.0,129.0,9510,287.0,False,False,1.0,9683.0,-158.0,0.34821145932257824,0.4773269689737569,False,0,9443.57142857143,9311.42857142857,9652.42857142857,-119.14285714285714,1.6614396026552969,2.2248062015503876
2023-11-14,116.0,181.0,182.0,9665,247.0,True,False,1.0,9846.0,-65.0,1.6298633017875819,1.6833625942373143,False,0,9475.42857142857,9330.642857142857,9680.42857142857,-117.85714285714286,1.704706287982628,1.3571428571428572
2023-11-15,150.0,157.0,201.0,9762,316.0,True,False,1.0,9919.0,-115.0,1.0036213140196537,0.7414178346536682,False,0,9545.285714285714,9360.0,9739.857142857143,-105.28571428571429,1.7043059221328123,1.572139303482587
2023-11-16,80.0,176.0,125.0,9762,374.0,False,False,1.0,9938.0,-249.0,0.0,0.191551567698367,False,0,9613.285714285714,9397.642857142857,9799.714285714286,-118.42857142857143,1.648185059371047,2.992
2023-11-19,116.0,188.0,164.0,9573,435.0,False,False,3.0,9761.0,-271.0,-1.9360786724031964,-1.7810424632722865,False,0,9626.142857142857,9443.92857142857,9806.285714285714,-151.0,1.4273744366499588,2.652439024390244
2023-11-20,105.0,185.0,158.0,9638,298.0,False,False,1.0,9823.0,-140.0,0.6789930011490641,0.635180821637138,False,0,9626.714285714286,9487.642857142857,9801.0,-154.0,1.4173344242452566,1.8860759493670887
2023-11-21,136.0,246.0,123.0,9804,250.0,False,False,1.0,10050.0,-127.0,1.7223490350695148,2.310902982795482,False,0,9673.42857142857,9539.92857142857,9860.0,-160.71428571428572,1.4558826997909446,2.032520325203252
2023-11-23,128.0,228.0,177.0,9838,283.0,False,False,2.0,10066.0,-106.0,0.3467972256221863,0.1592039800994982,False,0,9720.285714285714,9581.92857142857,9914.714285714286,-153.28571428571428,1.399622380337166,1.5988700564971752
2023-11-26,90.0,196.0,205.0,9845,312.0,True,False,3.0,10041.0,-107.0,0.07115267330757291,-0.24836081859725967,False,0,9746.0,9610.714285714286,9942.57142857143,-159.28571428571428,1.3208700315366813,1.5219512195121951
2023-11-27,56.0,82.0,68.0,10123,214.0,False,False,1.0,10205.0,-146.0,2.823768410360583,1.6333034558311033,False,0,9797.57142857143,9671.42857142857,9983.42857142857,-163.71428571428572,1.3329259945834795,3.1470588235294117
2023-11-28,74.0,103.0,80.0,10223,223.0,False,False,1.0,10326.0,-143.0,0.9878494517435499,1.185693287604117,False,0,9863.42857142857,9738.357142857143,10038.857142857143,-148.57142857142858,1.3278829054091355,2.7875
2023-11-29,68.0,107.0,102.0,10398,284.0,False,False,1.0,10505.0,-182.0,1.7118262740878354,1.73348828200659,False,0,9981.285714285714,9803.714285714286,10145.142857142857,-135.85714285714286,1.2982671268136758,2.784313725490196
2023-11-30,92.0,124.0,93.0,10536,320.0,False,False,1.0,10660.0,-227.0,1.3271783035199158,1.47548786292242,False,0,10109.57142857143,9868.142857142857,10264.714285714286,-148.28571428571428,1.2856172573456748,3.4408602150537635
2023-12-03,132.0,235.0,197.0,10579,417.0,False,False,3.0,10814.0,-220.0,0.40812452543659283,1.4446529080675452,False,0,10220.285714285714,9946.857142857143,10373.857142857143,-161.57142857142858,1.1113323927085361,2.116751269035533
2023-12-04,174.0,208.0,256.0,10635,273.0,True,False,1.0,10843.0,-17.0,0.5293506002457704,0.2681708895875712,False,0,10334.142857142857,10027.214285714286,10484.857142857143,-148.85714285714286,1.1067814050371452,1.06640625
2023-12-05,123.0,230.0,167.0,10761,261.0,False,False,1.0,10991.0,-94.0,1.1847672778561247,1.364935903347786,False,0,10465.0,10105.5,10620.57142857143,-147.0,1.0875672027038192,1.562874251497006
2023-12-06,123.0,233.0,159.0,10832,376.0,False,False,1.0,11065.0,-217.0,0.6597899823436393,0.6732781366572738,False,0,10566.285714285714,10181.92857142857,10743.42857142857,-157.14285714285714,1.0859051257250858,2.3647798742138364
2023-12-07,141.0,232.0,188.0,10897,466.0,False,False,1.0,11129.0,-278.0,0.6000738552437213,0.5784003615002309,False,0,10662.57142857143,10263.0,10858.142857142857,-176.42857142857142,1.0656296870878539,2.478723404255319
2023-12-10,158.0,226.0,191.0,10871,411.0,False,False,3.0,11097.0,-220.0,-0.23859777920528513,-0.2875370653248277,False,0,10730.142857142857,10355.714285714286,10942.714285714286,-181.85714285714286,0.7927309973000081,2.1518324607329844
2023-12-11,96.0,160.0,233.0,10998,304.0,True,False,1.0,11158.0,-71.0,1.1682457915555222,0.5496981166080994,False,0,10796.142857142857,10452.857142857143,11013.857142857143,-159.57142857142858,0.7922989335841818,1.3047210300429184
2023-12-12,141.0,173.0,129.0,11077,259.0,False,False,1.0,11250.0,-130.0,0.7183124204400704,0.8245205233912811,False,0,10867.285714285714,10543.785714285714,11076.142857142857,-146.71428571428572,0.7618864384112779,2.007751937984496
2023-12-13,116.0,181.0,182.0,11192,335.0,True,False,1.0,11373.0,-153.0,1.0381872348108612,1.093333333333324,False,0,10946.857142857143,10640.5,11151.857142857143,-166.14285714285714,0.7470354649602209,1.8406593406593406
2023-12-14,150.0,157.0,201.0,11242,396.0,True,False,1.0,11399.0,-195.0,0.44674767691208483,0.2286116240218128,False,0,11015.57142857143,10740.285714285714,11210.142857142857,-180.57142857142858,0.7201629883010315,1.9701492537313432
2023-12-17,80.0,176.0,125.0,11092,456.0,False,False,3.0,11268.0,-331.0,-1.3342821561999618,-1.149223616106676,False,0,11052.714285714286,10809.5,11239.142857142857,-196.85714285714286,0.7469534795628895,3.648
2023-12-18,116.0,188.0,164.0,11149,364.0,False,False,1.0,11337.0,-200.0,0.5138838802740686,0.6123535676251235,False,0,11088.714285714286,10875.642857142857,11268.857142857143,-185.71428571428572,0.7415595121381426,2.2195121951219514
2023-12-19,105.0,185.0,158.0,11291,272.0,False,False,1.0,11476.0,-114.0,1.2736568302089912,1.2260739172620605,False,0,11148.714285714286,10939.42857142857,11323.0,-170.57142857142858,0.7002011327484847,1.7215189873417722
2023-12-20,136.0,246.0,123.0,11516,390.0,False,False,1.0,11762.0,-267.0,1.9927375786024326,2.492157546183349,False,0,11222.714285714286,11009.42857142857,11409.285714285714,-198.57142857142858,0.7727519190014219,3.1707317073170733
2023-12-21,128.0,228.0,177.0,11375,497.0,False,False,1.0,11603.0,-320.0,-1.2243834664814157,-1.3518109165107983,False,0,11265.285714285714,11066.285714285714,11459.714285714286,-225.71428571428572,0.9196538228868038,2.8079096045197742
2023-12-25,90.0,196.0,205.0,11144,347.0,True,False,4.0,11340.0,-142.0,-2.030769230769236,-2.266655175385679,False,0,11258.42857142857,11102.642857142857,11455.0,-224.14285714285714,1.1452521838988623,1.6926829268292682
2023-12-26,56.0,82.0,68.0,11217,288.0,False,False,1.0,11299.0,-220.0,0.655061019382619,-0.36155202821869237,False,0,11254.857142857143,11135.214285714286,11440.714285714286,-227.71428571428572,1.1237662072628305,4.235294117647059
2023-12-27,74.0,103.0,80.0,11206,335.0,False,False,1.0,11309.0,-255.0,-0.09806543639119258,0.08850340738117968,False,0,11271.142857142857,11161.92857142857,11446.57142857143,-216.85714285714286,1.1234981394573822,4.1875
2023-12-28,68.0,107.0,102.0,11230,357.0,False,False,1.0,11337.0,-255.0,0.21417097983222888,0.2475904147139385,False,0,11282.714285714286,11185.714285714286,11446.57142857143,-224.71428571428572,1.1189370531732798,3.5
2024-01-01,92.0,124.0,93.0,10870,290.0,False,False,4.0,10994.0,-197.0,-3.2056990204808566,-3.0254917526682523,False,0,11222.57142857143,11185.642857142857,11377.714285714286,-236.57142857142858,1.4459185661724419,3.118279569892473
2024-01-02,113.0,162.0,107.0,10770,316.0,False,False,1.0,10932.0,-209.0,-0.9199632014719406,-0.5639439694378745,False,0,11116.0,11169.357142857143,11259.142857142857,-228.28571428571428,1.424700613290548,2.953271028037383
2024-01-03,106.0,196.0,131.0,10718,263.0,False,False,1.0,10914.0,-132.0,-0.48282265552460624,-0.16465422612513825,False,0,11022.142857142857,11143.714285714286,11160.714285714286,-201.42857142857142,1.40506610177823,2.0076335877862594
2024-01-04,86.0,152.0,168.0,10558,362.0,True,False,1.0,10710.0,-194.0,-1.4928158238477374,-1.869158878504673,False,0,10938.42857142857,11098.42857142857,11070.714285714286,-208.85714285714286,1.392692810887944,2.1547619047619047
2024-01-07,84.0,118.0,136.0,9670,367.0,True,False,3.0,9788.0,-231.0,-8.41068384163668,-8.608776844070965,False,0,10717.42857142857,10986.142857142857,10854.857142857143,-210.42857142857142,2.5259853152469285,2.698529411764706
2024-01-08,59.0,64.0,117.0,9670,367.0,True,False,1.0,9734.0,-250.0,0.0,-0.5516959542296695,False,0,10498.0,10884.57142857143,10629.857142857143,-209.71428571428572,2.539135917387383,3.1367521367521367
2024-01-09,62.0,97.0,52.0,9311,286.0,False,False,1.0,9408.0,-234.0,-3.7125129265770385,-3.3490856790630796,False,0,10223.857142857143,10753.285714285714,10354.285714285714,-206.71428571428572,2.602916736440034,5.5
2024-01-10,91.0,75.0,97.0,9144,349.0,True,False,1.0,9219.0,-252.0,-1.7935774889915157,-2.00892857142857,False,0,9977.285714285714,10599.92857142857,10100.714285714286,-214.57142857142858,2.5016501488197656,3.597938144329897
2024-01-11,29.0,51.0,11.0,8829,476.0,False,False,1.0,8880.0,-465.0,-3.4448818897637845,-3.6771884152294154,False,0,9700.0,10408.0,9807.57142857143,-251.14285714285714,2.3404441514704852,43.27272727272727
2024-01-15,33.0,53.0,34.0,8033,234.0,False,False,4.0,8086.0,-200.0,-9.015743572318492,-8.941441441441444,False,0,9316.42857142857,10169.285714285714,9403.57142857143,-260.85714285714283,3.0099574156896307,6.882352941176471
2024-01-16,32.0,49.0,39.0,8133,188.0,False,False,1.0,8182.0,-149.0,1.2448649321548544,1.187237200098945,False,0,8970.0,9954.214285714286,9042.42857142857,-254.42857142857142,3.165012847315409,4.82051282051282
2024-01-17,80.0,176.0,125.0,8072,353.0,False,False,1.0,8248.0,-228.0,-0.7500307389647132,0.8066487411390932,False,0,8741.714285714286,9729.57142857143,8822.42857142857,-254.0,3.089718819982994,2.824
2024-01-18,116.0,188.0,164.0,8042,359.0,False,False,1.0,8230.0,-195.0,-0.3716551040634286,-0.21823472356935492,False,0,8509.142857142857,9503.57142857143,8607.57142857143,-246.14285714285714,3.0757156520470783,2.1890243902439024
2024-01-21,105.0,185.0,158.0,7974,371.0,False,False,3.0,8159.0,-213.0,-0.8455608057697073,-0.8626974483596617,False,0,8318.142857142857,9271.0,8429.142857142857,-243.14285714285714,3.0217588885340634,2.348101265822785
2024-01-22,136.0,246.0,123.0,8008,222.0,False,False,1.0,8254.0,-99.0,0.4263857536995319,1.164358377252106,False,0,8155.857142857143,9066.57142857143,8291.285714285714,-221.28571428571428,3.099545610513545,1.8048780487804879
2024-01-23,128.0,228.0,177.0,8133,202.0,False,False,1.0,8361.0,-25.0,1.5609390609390594,1.296341167918591,False,0,8056.428571428572,8878.214285714286,8217.142857142857,-158.42857142857142,3.240650789167615,1.1412429378531073
2024-01-24,90.0,196.0,205.0,8212,243.0,True,False,1.0,8408.0,-38.0,0.9713512848887218,0.5621337160626627,False,0,8082.0,8699.214285714286,8263.142857142857,-135.28571428571428,3.3132629350346616,1.1853658536585365
2024-01-25,102.0,189.0,155.0,8180,293.0,False,False,1.0,8369.0,-138.0,-0.3896736483195329,-0.4638439581351128,False,0,8088.714285714285,8529.357142857143,8289.857142857143,-133.71428571428572,3.3349704674072624,1.8903225806451613
2024-01-28,120.0,257.0,126.0,8004,307.0,False,False,3.0,8261.0,-181.0,-2.1515892420537863,-1.2904767594694722,False,0,8079.0,8410.357142857143,8291.714285714286,-127.0,2.740187324997499,2.4365079365079363
2024-01-29,137.0,272.0,166.0,8057,195.0,False,False,1.0,8329.0,-29.0,0.6621689155422272,0.8231448977121358,False,0,8081.142857142857,8295.142857142857,8305.857142857143,-103.28571428571429,2.770000197822141,1.1746987951807228
2024-01-30,93.0,198.0,208.0,8182,187.0,True,False,1.0,8380.0,21.0,1.5514459476231757,0.6123184055708997,True,2,8110.857142857143,8214.5,8337.42857142857,-69.85714285714286,2.768434237382464,0.8990384615384616
2024-01-31,203.0,477.0,258.0,8153,266.0,False,False,1.0,8630.0,-8.0,-0.3544365680762662,2.9832935560859086,False,0,8131.571428571428,8143.714285714285,8391.142857142857,-56.857142857142854,2.758676875529586,1.0310077519379846
2024-02-01,222.0,459.0,289.0,8026,337.0,False,False,1.0,8485.0,-48.0,-1.557708818839687,-1.6801853997682525,False,0,8116.285714285715,8086.357142857143,8408.857142857143,-60.142857142857146,2.662836273963973,1.166089965397924
2024-02-04,253.0,531.0,248.0,7813,342.0,False,False,3.0,8344.0,-94.0,-2.6538749065536993,-1.6617560400707165,False,0,8059.285714285715,8070.642857142857,8399.714285714286,-68.14285714285714,1.3371772731708749,1.3790322580645162
2024-02-05,157.0,466.0,345.0,7872,242.0,False,False,1.0,8338.0,103.0,0.7551516702930972,-0.07190795781399917,True,2,8015.285714285715,8052.0,8395.285714285714,-33.714285714285715,1.302721644139158,0.7014492753623188
2024-02-06,291.0,455.0,323.0,8045,178.0,False,False,1.0,8500.0,145.0,2.197662601626016,1.9429119692971897,True,3,8021.142857142857,8050.071428571428,8429.42857142857,12.857142857142858,1.4420568287023379,0.5510835913312694
2024-02-07,227.0,453.0,330.0,8160,222.0,False,False,1.0,8613.0,108.0,1.429459291485391,1.32941176470589,True,4,8035.857142857143,8058.5,8470.0,32.42857142857143,1.4873486540803889,0.6727272727272727
2024-02-08,298.0,499.0,358.0,8188,315.0,False,False,1.0,8687.0,43.0,0.34313725490195957,0.8591663764077495,True,5,8036.714285714285,8073.785714285715,8513.857142857143,35.57142857142857,1.462046115428785,0.8798882681564246
2024-02-11,205.0,515.0,226.0,8056,347.0,False,False,3.0,8571.0,-121.0,-1.6121152906692693,-1.3353286520087493,False,0,8022.857142857143,8077.214285714285,8505.42857142857,19.428571428571427,1.5372659440823504,1.5353982300884956
2024-02-12,213.0,430.0,440.0,8092,234.0,True,False,1.0,8522.0,206.0,0.4468718967229446,-0.5716952514292384,True,2,8032.285714285715,8074.285714285715,8510.714285714286,55.714285714285715,1.4810496687970685,0.5318181818181819
2024-02-13,227.0,369.0,349.0,8348,160.0,False,False,1.0,8717.0,189.0,3.1636183885318747,2.2881952593287957,True,3,8108.714285714285,8084.0,8564.0,96.14285714285714,1.6950310578745056,0.4584527220630373
2024-02-14,185.0,322.0,272.0,8512,230.0,False,False,1.0,8834.0,42.0,1.964542405366565,1.3422048870024073,True,4,8200.142857142857,8107.714285714285,8634.857142857143,87.42857142857143,1.755143983666566,0.8455882352941176
2024-02-15,333.0,508.0,272.0,8463,312.0,False,False,1.0,8971.0,-40.0,-0.5756578947368474,1.5508263527280963,False,0,8259.857142857143,8140.5,8702.142857142857,61.0,1.6321178337588402,1.1470588235294117
2024-02-19,249.0,420.0,371.0,8380,218.0,False,False,4.0,8800.0,153.0,-0.9807396904171095,-1.9061420131535,True,2,8291.285714285714,8163.571428571428,8728.857142857143,67.42857142857143,1.6712970478418046,0.5876010781671159
2024-02-20,149.0,395.0,273.0,8488,192.0,False,False,1.0,8883.0,81.0,1.288782816229106,0.9431818181818263,True,3,8334.142857142857,8185.428571428572,8756.857142857143,72.85714285714286,1.6575140126091499,0.7032967032967034
2024-02-21,232.0,430.0,318.0,8573,231.0,False,False,1.0,9003.0,87.0,1.0014137606032092,1.3508949679162496,True,4,8408.0,8215.42857142857,8818.57142857143,102.57142857142857,1.657497032355525,0.7264150943396226
2024-02-22,165.0,400.0,292.0,8607,293.0,False,False,1.0,9007.0,-1.0,0.39659395777440487,0.04442963456625648,False,0,8481.57142857143,8256.92857142857,8887.857142857143,73.0,1.562004749703785,1.0034246575342465
2024-02-25,244.0,482.0,366.0,8404,329.0,False,False,3.0,8886.0,37.0,-2.3585453700476378,-1.3433995781059194,True,2,8489.57142857143,8299.142857142857,8912.0,51.285714285714285,1.5173188595996117,0.8989071038251366
2024-02-26,199.0,438.0,326.0,8404,329.0,False,False,1.0,8842.0,-3.0,0.0,-0.4951609273013746,False,0,8474.142857142857,8337.142857142857,8913.142857142857,44.857142857142854,1.5222236566910707,1.00920245398773
2024-02-27,197.0,369.0,306.0,8650,206.0,False,False,1.0,9019.0,100.0,2.9271775345073747,2.0018095453517404,True,2,8500.857142857143,8380.357142857143,8920.0,64.85714285714286,1.5962697689905023,0.673202614379085
2024-02-28,209.0,447.0,274.0,8699,257.0,False,False,1.0,9146.0,17.0,0.5664739884392977,1.4081383745426335,True,3,8546.42857142857,8418.857142857143,8969.42857142857,45.42857142857143,1.5754340810612122,0.9379562043795621
2024-02-29,262.0,444.0,354.0,8724,299.0,False,False,1.0,9168.0,55.0,0.28738935509828867,0.2405423135797058,True,4,8580.142857142857,8457.142857142857,9010.142857142857,41.714285714285715,1.575848155195805,0.844632768361582
2024-03-03,236.0,468.0,347.0,8594,354.0,False,False,3.0,9062.0,-7.0,-1.4901421366345757,-1.1561954624781823,False,0,8583.142857142857,8495.57142857143,9018.57142857143,28.285714285714285,1.5637694919205334,1.0201729106628241
2024-03-04,225.0,509.0,340.0,8660,229.0,False,False,1.0,9169.0,111.0,0.7679776588317422,1.1807548002648494,True,2,8590.714285714286,8536.142857142857,9041.714285714286,44.285714285714285,1.5656926633937915,0.6735294117647059
2024-03-05,246.0,472.0,345.0,8800,214.0,False,False,1.0,9272.0,131.0,1.616628175519641,1.12335041989311,True,3,8647.285714285714,8568.42857142857,9096.857142857143,57.714285714285715,1.409857699547724,0.6202898550724638
2024-03-06,230.0,457.0,277.0,8870,232.0,False,False,1.0,9327.0,45.0,0.7954545454545547,0.5931837791199213,True,4,8713.857142857143,8594.0,9166.142857142857,64.57142857142857,1.3422034909762626,0.8375451263537906
2024-03-07,181.0,424.0,328.0,8902,305.0,False,False,1.0,9326.0,23.0,0.3607666290868172,-0.010721561059290341,True,5,8749.857142857143,8625.357142857143,9210.0,53.57142857142857,1.3181626797320851,0.9298780487804879
2024-03-10,190.0,368.0,326.0,8714,373.0,False,False,3.0,9082.0,-47.0,-2.1118849696697417,-2.6163414111087246,False,0,8752.0,8649.214285714286,9200.857142857143,44.42857142857143,1.43666081857157,1.1441717791411044
2024-03-11,178.0,336.0,290.0,8757,253.0,False,False,1.0,9093.0,37.0,0.49345880192792624,0.12111869632238648,True,2,8756.714285714286,8668.42857142857,9190.142857142857,41.857142857142854,1.4095612866941243,0.8724137931034482
2024-03-12,154.0,294.0,290.0,8843,213.0,False,False,1.0,9137.0,77.0,0.9820714856686008,0.4838887055977015,True,3,8792.285714285714,8687.714285714286,9200.857142857143,53.857142857142854,1.4087587391274623,0.7344827586206897
2024-03-13,165.0,358.0,167.0,8819,239.0,False,False,1.0,9177.0,-72.0,-0.271401108221192,0.43778045310276514,False,0,8815.0,8702.857142857143,9202.0,27.714285714285715,1.4140197166389115,1.4311377245508983
2024-03-14,166.0,301.0,252.0,8695,310.0,False,False,1.0,8996.0,-58.0,-1.4060551082889172,-1.9723221096218824,False,0,8800.0,8723.642857142857,9162.57142857143,0.7142857142857143,1.3006876128205767,1.2301587301587302
2024-03-17,127.0,260.0,259.0,8373,342.0,False,False,3.0,8633.0,-83.0,-3.703277745830935,-4.035126722987991,False,0,8729.0,8721.42857142857,9063.42857142857,-17.571428571428573,1.6776595333952544,1.3204633204633205
2024-03-18,123.0,243.0,188.0,8333,283.0,False,False,1.0,8576.0,-95.0,-0.47772602412516907,-0.6602571527858259,False,0,8647.714285714286,8698.785714285714,8956.285714285714,-34.42857142857143,1.449950462810092,1.5053191489361701
2024-03-19,99.0,202.0,256.0,8390,197.0,True,False,1.0,8592.0,59.0,0.6840273610944525,0.1865671641791078,True,2,8601.42857142857,8676.714285714286,8886.285714285714,-19.285714285714285,1.4554126730570955,0.76953125
2024-03-20,91.0,181.0,174.0,8365,227.0,False,False,1.0,8546.0,-53.0,-0.29797377830751426,-0.5353817504655467,False,0,8545.42857142857,8651.07142857143,8808.142857142857,-32.142857142857146,1.4472323619355507,1.3045977011494252
2024-03-21,132.0,261.0,141.0,8292,235.0,False,False,1.0,8553.0,-94.0,-0.8726838015540972,0.08190966534051825,False,0,8466.714285714286,8629.5,8724.714285714286,-56.57142857142857,1.4169315902194843,1.6666666666666667
2024-03-24,124.0,264.0,221.0,7899,373.0,False,False,3.0,8163.0,-152.0,-4.739507959479017,-4.559803577692034,False,0,8335.285714285714,8575.142857142857,8579.857142857143,-68.0,1.82081049048904,1.6877828054298643
2024-03-25,128.0,242.0,224.0,7899,229.0,False,False,1.0,8141.0,-5.0,0.0,-0.26950875903466454,False,0,8221.57142857143,8510.785714285714,8457.714285714286,-60.42857142857143,1.7149312627836533,1.0223214285714286
2024-03-26,187.0,276.0,200.0,7919,208.0,False,False,1.0,8195.0,-8.0,0.25319660716547343,0.6633091757769272,False,0,8156.714285714285,8442.857142857143,8395.142857142857,-49.714285714285715,1.6830561982468581,1.04
2024-03-27,129.0,287.0,185.0,7893,215.0,False,False,1.0,8180.0,-30.0,-0.328324283369108,-0.18303843807199183,False,0,8093.857142857143,8370.785714285714,8338.57142857143,-40.42857142857143,1.6565755566669935,1.162162162162162
2024-03-28,161.0,288.0,248.0,7762,360.0,False,False,1.0,8050.0,-112.0,-1.6596984669960735,-1.58924205378973,False,0,8004.142857142857,8302.785714285714,8261.142857142857,-64.85714285714286,1.6341804160627307,1.4516129032258065
2024-03-31,105.0,254.0,151.0,7257,287.0,False,False,3.0,7511.0,-136.0,-6.5060551404277245,-6.695652173913047,False,0,7845.857142857143,8195.642857142857,8113.285714285715,-76.71428571428571,2.1831474248903575,1.900662251655629
2024-04-01,109.0,235.0,171.0,7271,172.0,False,False,1.0,7506.0,-1.0,0.19291718340912478,-0.06656903208627218,False,0,7700.0,8083.357142857143,7963.714285714285,-63.42857142857143,2.128922186831006,1.0058479532163742
2024-04-02,101.0,230.0,175.0,7340,132.0,False,False,1.0,7570.0,43.0,0.9489753816531499,0.8526512123634422,True,2,7620.142857142857,7977.714285714285,7879.0,-35.57142857142857,2.2009806017504445,0.7542857142857143
2024-04-03,124.0,230.0,190.0,7346,163.0,False,False,1.0,7576.0,27.0,0.08174386920980492,0.07926023778070945,True,3,7541.142857142857,7881.357142857143,7798.285714285715,-31.0,2.2301222478566873,0.8578947368421053
2024-04-04,95.0,226.0,152.0,7317,225.0,False,False,1.0,7543.0,-73.0,-0.394772665396137,-0.4355860612460405,False,0,7455.142857142857,7805.928571428572,7705.142857142857,-40.285714285714285,2.113643895033751,1.480263157894737
2024-04-07,106.0,239.0,233.0,6982,279.0,False,False,3.0,7221.0,-46.0,-4.578379117124509,-4.268858544345755,False,0,7325.0,7709.428571428572,7568.142857142857,-42.57142857142857,2.3192543571154176,1.1974248927038627
2024-04-08,102.0,230.0,167.0,6988,199.0,False,False,1.0,7218.0,-32.0,0.08593526210254332,-0.041545492314087884,False,0,7214.428571428572,7609.285714285715,7449.285714285715,-31.142857142857142,2.286568809785256,1.1916167664670658
2024-04-09,118.0,231.0,217.0,7043,130.0,False,False,1.0,7274.0,87.0,0.7870635374928492,0.775838182321964,True,2,7183.857142857143,7514.857142857143,7415.428571428572,0.7142857142857143,2.339906465546055,0.5990783410138248
2024-04-10,117.0,244.0,142.0,6999,227.0,False,False,1.0,7243.0,-85.0,-0.6247337782195106,-0.42617541930162206,False,0,7145.0,7422.5,7377.857142857143,-11.285714285714286,2.3434691476830807,1.5985915492957747
2024-04-11,183.0,221.0,220.0,6912,285.0,False,False,1.0,7133.0,-65.0,-1.243034719245606,-1.518707717796497,False,0,7083.857142857143,7352.0,7315.428571428572,-26.714285714285715,2.1092378766783533,1.2954545454545454
2024-04-14,128.0,245.0,243.0,6630,290.0,False,False,3.0,6875.0,-47.0,-4.079861111111116,-3.6169914481985144,False,0,6981.571428571428,7261.357142857143,7215.285714285715,-37.285714285714285,2.248479438790545,1.1934156378600822
2024-04-15,144.0,303.0,176.0,6681,191.0,False,False,1.0,6984.0,-15.0,0.7692307692307665,1.5854545454545566,False,0,6890.714285714285,7172.928571428572,7135.428571428572,-29.0,2.2784978767721507,1.0852272727272727
2024-04-16,219.0,392.0,205.0,6685,163.0,False,False,1.0,7077.0,42.0,0.05987127675497472,1.3316151202749094,True,2,6848.285714285715,7086.642857142857,7114.857142857143,-16.428571428571427,2.292008803267898,0.7951219512195122
2024-04-17,182.0,371.0,274.0,6725,227.0,False,False,1.0,7096.0,47.0,0.5983545250560995,0.2684753426593245,True,3,6810.714285714285,7012.571428571428,7097.428571428572,-5.142857142857143,2.332798244661009,0.8284671532846716
2024-04-18,144.0,322.0,258.0,6728,260.0,False,False,1.0,7050.0,-2.0,0.04460966542751965,-0.6482525366403591,False,0,6765.714285714285,6974.785714285715,7065.428571428572,-17.857142857142858,1.7178651067900728,1.0077519379844961
2024-04-21,208.0,380.0,343.0,6745,240.0,False,False,3.0,7125.0,103.0,0.25267538644471177,1.0638297872340496,True,2,6729.428571428572,6937.214285714285,7048.571428571428,9.0,1.7198596416938752,0.6997084548104956
2024-04-22,176.0,424.0,251.0,6799,214.0,False,False,1.0,7223.0,37.0,0.8005930318754739,1.3754385964912297,True,3,6713.285714285715,6898.571428571428,7061.428571428572,23.571428571428573,1.710536732261509,0.852589641434263
2024-04-23,252.0,427.0,307.0,6967,134.0,False,False,1.0,7394.0,173.0,2.4709516105309692,2.367437352900459,True,4,6761.428571428572,6871.5,7135.571428571428,55.0,1.8865511226249012,0.4364820846905538
2024-04-24,253.0,411.0,307.0,7128,154.0,False,False,1.0,7539.0,153.0,2.3108942155877665,1.9610494995942584,True,5,6825.285714285715,6858.0,7214.857142857143,79.0,2.0168899286898947,0.501628664495114
2024-04-25,145.0,357.0,333.0,7209,217.0,False,False,1.0,7566.0,116.0,1.1363636363636465,0.35813768404298063,True,6,6900.142857142857,6874.214285714285,7284.714285714285,89.57142857142857,1.5882775654123804,0.6516516516516516
2024-04-28,158.0,349.0,365.0,7298,250.0,True,False,3.0,7647.0,115.0,1.2345679012345734,1.0705789056304482,True,7,6982.0,6896.357142857143,7363.428571428572,99.28571428571429,1.6092009512482777,0.684931506849315
2024-04-29,140.0,292.0,255.0,7373,187.0,False,False,1.0,7665.0,68.0,1.0276788161140082,0.23538642604943316,True,8,7074.142857142857,6919.928571428572,7451.285714285715,109.28571428571429,1.6158135621789365,0.7333333333333333
2024-04-30,220.0,443.0,194.0,7431,135.0,False,False,1.0,7874.0,59.0,0.7866540078665496,2.726679712981084,True,9,7172.142857142857,6950.785714285715,7558.285714285715,103.0,1.5948949216954043,0.6958762886597938
2024-05-01,197.0,437.0,295.0,7508,190.0,False,False,1.0,7945.0,105.0,1.0361997039429527,0.9017018034036095,True,10,7273.428571428572,6993.357142857143,7661.428571428572,112.71428571428571,1.5245842205830342,0.6440677966101694
2024-05-02,206.0,411.0,293.0,7577,194.0,False,False,1.0,7988.0,99.0,0.9190197123068788,0.5412208936437901,True,11,7360.571428571428,7061.0,7746.285714285715,102.14285714285714,0.7123937262897602,0.6621160409556314
2024-05-05,150.0,315.0,228.0,7447,332.0,False,False,3.0,7762.0,-104.0,-1.7157186221459675,-2.829243865798703,False,0,7406.142857142857,7115.714285714285,7778.142857142857,65.42857142857143,1.0107990420435626,1.456140350877193
2024-05-06,173.0,337.0,211.0,7449,205.0,False,False,1.0,7786.0,6.0,0.02685645226265798,0.30919866013914277,True,2,7440.428571428572,7170.285714285715,7809.571428571428,49.714285714285715,1.0126528213079844,0.9715639810426541
2024-05-07,176.0,334.0,246.0,7566,163.0,False,False,1.0,7900.0,83.0,1.5706806282722585,1.4641664526072518,True,3,7478.714285714285,7230.357142857143,7845.714285714285,45.142857142857146,1.032337084147689,0.6626016260162602
2024-05-08,167.0,374.0,205.0,7583,202.0,False,False,1.0,7957.0,3.0,0.2246893999471311,0.7215189873417627,True,4,7508.714285714285,7291.428571428572,7887.428571428572,35.857142857142854,1.0226041197331546,0.9853658536585366
2024-05-09,138.0,285.0,268.0,7570,244.0,False,False,1.0,7855.0,24.0,-0.17143610708163504,-1.2818901596078902,True,5,7528.571428571428,7350.357142857143,7884.714285714285,30.857142857142858,1.048041024509694,0.9104477611940298
2024-05-12,138.0,301.0,263.0,7464,245.0,False,False,3.0,7765.0,18.0,-1.4002642007926003,-1.145767027371103,True,6,7522.285714285715,7397.857142857143,7859.0,18.428571428571427,1.206337288114477,0.9315589353612167
2024-05-13,112.0,331.0,167.0,7499,157.0,False,False,1.0,7830.0,10.0,0.4689174705251986,0.8370895041854398,True,7,7511.142857142857,7435.857142857143,7836.428571428572,5.714285714285714,1.0902017739663215,0.9401197604790419
2024-05-14,246.0,419.0,218.0,7546,186.0,False,False,1.0,7965.0,32.0,0.6267502333644481,1.724137931034475,True,8,7525.285714285715,7465.714285714285,7865.428571428572,25.142857142857142,0.9645503107673596,0.8532110091743119
2024-05-15,115.0,285.0,341.0,7589,265.0,True,False,1.0,7874.0,76.0,0.5698383249403749,-1.1424984306340202,True,9,7545.285714285715,7492.857142857143,7878.0,35.142857142857146,0.9434865617965542,0.7771260997067448
2024-05-16,206.0,340.0,214.0,7565,234.0,False,False,1.0,7905.0,-20.0,-0.3162471998945815,0.3937007874015741,False,0,7545.142857142857,7511.928571428572,7878.714285714285,20.428571428571427,0.9252547530824974,1.0934579439252337
2024-05-19,143.0,295.0,278.0,7356,298.0,False,False,3.0,7651.0,-20.0,-2.762723066754791,-3.2131562302340266,False,0,7512.714285714285,7510.714285714285,7835.0,17.142857142857142,1.1980088023075501,1.0719424460431655
2024-05-20,111.0,268.0,217.0,7368,192.0,False,False,1.0,7636.0,25.0,0.16313213703098572,-0.19605280355509125,True,2,7483.857142857143,7506.214285714285,7803.714285714285,17.285714285714285,1.177538497405527,0.8847926267281107
2024-05-21,196.0,348.0,176.0,7404,145.0,False,False,1.0,7752.0,31.0,0.48859934853420217,1.5191199580932402,True,3,7475.285714285715,7498.785714285715,7801.857142857143,19.142857142857142,1.1472335531288977,0.8238636363636364
2024-05-22,168.0,349.0,272.0,7474,208.0,False,False,1.0,7823.0,64.0,0.9454349000540319,0.9158926728586092,True,4,7471.714285714285,7491.428571428572,7800.857142857143,26.857142857142858,1.1490470405737234,0.7647058823529411
2024-05-23,193.0,272.0,314.0,7494,227.0,True,False,1.0,7766.0,87.0,0.26759432700027563,-0.7286207337338646,True,5,7464.285714285715,7494.785714285715,7772.428571428572,34.714285714285715,1.05152100065681,0.7229299363057324
2024-05-27,156.0,344.0,252.0,7365,167.0,False,False,4.0,7709.0,85.0,-1.7213771016813428,-0.7339685809940821,True,6,7432.285714285715,7488.785714285715,7748.857142857143,36.0,1.153371018956377,0.6626984126984127
2024-05-28,153.0,348.0,239.0,7418,151.0,False,False,1.0,7766.0,88.0,0.7196198234894702,0.7393955117395157,True,7,7411.285714285715,7478.214285714285,7729.0,51.42857142857143,1.0800746931632672,0.6317991631799164
2024-05-29,182.0,462.0,158.0,7491,141.0,False,False,1.0,7953.0,17.0,0.9840927473712568,2.4079320113314484,True,8,7430.571428571428,7471.642857142857,7772.142857142857,56.714285714285715,1.1179620111196373,0.8924050632911392
2024-05-30,167.0,406.0,339.0,7563,190.0,False,False,1.0,7969.0,149.0,0.9611533840608644,0.20118194392053645,True,9,7458.428571428572,7471.142857142857,7819.714285714285,74.42857142857143,1.1514153617956728,0.56047197640118
2024-06-02,159.0,330.0,322.0,7546,306.0,False,False,3.0,7876.0,16.0,-0.2247785270395375,-1.1670222110678918,True,10,7478.714285714285,7477.0,7837.428571428572,72.28571428571429,1.0822644831768997,0.9503105590062112
2024-06-03,109.0,244.0,257.0,7596,224.0,True,False,1.0,7840.0,33.0,0.662602703419024,-0.45708481462671813,True,11,7496.142857142857,7483.928571428572,7839.857142857143,67.85714285714286,1.0887875839270253,0.8715953307392996
2024-06-04,260.0,356.0,176.0,7565,203.0,False,False,1.0,7921.0,-27.0,-0.4081095313322791,1.033163265306114,False,0,7506.285714285715,7485.285714285715,7862.0,51.57142857142857,1.0852084423161492,1.1534090909090908
2024-06-05,173.0,345.0,291.0,7691,198.0,False,False,1.0,8036.0,93.0,1.6655651024454654,1.4518368892816547,True,2,7552.857142857143,7492.571428571428,7908.714285714285,52.714285714285715,1.1642748104056753,0.6804123711340206
2024-06-06,179.0,326.0,282.0,7741,238.0,False,False,1.0,8067.0,44.0,0.650110518788205,0.3857640617222602,True,3,7599.0,7505.142857142857,7951.714285714285,46.42857142857143,1.1662310075146511,0.8439716312056738
2024-06-09,116.0,289.0,166.0,7451,312.0,False,False,3.0,7740.0,-146.0,-3.746286009559485,-4.0535515061361105,False,0,7593.285714285715,7511.928571428572,7921.285714285715,23.142857142857142,1.3686067487355773,1.8795180722891567
2024-06-10,184.0,334.0,229.0,7439,212.0,False,False,1.0,7773.0,17.0,-0.16105220775735063,0.426356589147292,True,2,7575.571428571428,7517.0,7893.285714285715,4.285714285714286,1.3702075632565258,0.925764192139738
2024-06-11,186.0,352.0,224.0,7493,156.0,False,False,1.0,7845.0,68.0,0.7259040193574373,0.9262832883056626,True,3,7568.0,7523.357142857143,7888.857142857143,11.714285714285714,1.3771363466323165,0.6964285714285714
2024-06-12,152.0,266.0,274.0,7548,212.0,True,False,1.0,7814.0,62.0,0.734018417189386,-0.39515615041427754,True,4,7561.142857142857,7528.642857142857,7885.142857142857,15.857142857142858,1.3682156656682054,0.7737226277372263
2024-06-13,167.0,293.0,230.0,7544,259.0,False,False,1.0,7837.0,-29.0,-0.05299417064122958,0.2943434860506855,False,0,7558.142857142857,7532.214285714285,7873.142857142857,15.571428571428571,1.3675029704625536,1.126086956521739
2024-06-16,204.0,315.0,233.0,7307,294.0,False,False,3.0,7622.0,-61.0,-3.141569459172855,-2.7433967079239507,False,0,7503.285714285715,7528.071428571428,7814.0,-6.428571428571429,1.550013823260614,1.261802575107296
2024-06-17,159.0,310.0,272.0,7318,224.0,False,False,1.0,7628.0,48.0,0.15054057752839078,0.07871949619522312,True,2,7442.857142857143,7520.928571428572,7751.285714285715,-5.857142857142857,1.5358129244289431,0.8235294117647058
2024-06-18,160.0,297.0,253.0,7340,214.0,False,False,1.0,7637.0,39.0,0.3006285870456482,0.11798636601991763,True,3,7427.0,7510.142857142857,7736.571428571428,20.571428571428573,1.5098320547777864,0.8458498023715415
2024-06-19,204.0,321.0,246.0,7433,198.0,False,False,1.0,7754.0,48.0,1.267029972752054,1.5320151892104228,True,4,7426.142857142857,7500.857142857143,7733.857142857143,25.0,1.5289994017656592,0.8048780487804879
2024-06-20,145.0,247.0,243.0,7431,235.0,False,False,1.0,7678.0,8.0,-0.026907036189960376,-0.9801392829507316,True,5,7417.285714285715,7492.642857142857,7710.0,16.428571428571427,1.5287986253724501,0.9670781893004116
2024-06-23,102.0,227.0,201.0,7247,294.0,False,False,3.0,7474.0,-93.0,-2.4761135782532584,-2.6569419119562343,False,0,7374.285714285715,7467.714285714285,7661.428571428572,-5.714285714285714,1.6350331630816581,1.462686567164179
2024-06-24,116.0,175.0,172.0,7239,202.0,False,False,1.0,7414.0,-30.0,-0.11039050641644677,-0.8027829810008047,False,0,7330.714285714285,7444.428571428572,7601.0,-5.857142857142857,1.6357742261631776,1.1744186046511629
2024-06-25,172.0,263.0,191.0,7239,202.0,False,False,1.0,7502.0,-11.0,0.0,1.1869436201780381,False,0,7321.0,7412.142857142857,7583.857142857143,1.2857142857142858,1.5394336883233741,1.057591623036649
2024-06-26,132.0,235.0,197.0,7268,187.0,False,False,1.0,7503.0,10.0,0.4006078187595019,0.013329778725679198,True,2,7313.857142857143,7378.357142857143,7566.0,-4.142857142857143,1.5274838735507035,0.949238578680203
2024-06-27,174.0,208.0,256.0,7248,268.0,True,False,1.0,7456.0,-12.0,-0.27517886626307053,-0.6264161002265789,False,0,7300.714285714285,7363.857142857143,7540.142857142857,-11.428571428571429,1.194703209385629,1.046875
2024-06-30,123.0,230.0,167.0,6874,273.0,False,False,3.0,7104.0,-106.0,-5.160044150110377,-4.72103004291845,False,0,7220.857142857143,7323.5,7447.285714285715,-33.42857142857143,1.7859860554719869,1.6347305389221556
2024-07-01,123.0,233.0,159.0,6825,229.0,False,False,1.0,7058.0,-70.0,-0.7128309572301372,-0.6475225225225256,False,0,7134.285714285715,7275.785714285715,7358.714285714285,-44.57142857142857,1.7480699709547536,1.440251572327044
2024-07-02,141.0,232.0,188.0,6823,184.0,False,False,1.0,7055.0,4.0,-0.02930402930403364,-0.042504958911870894,True,2,7073.714285714285,7224.0,7298.857142857143,-30.714285714285715,1.7131285066892075,0.9787234042553191
2024-07-04,158.0,226.0,191.0,6790,225.0,False,False,2.0,7016.0,-34.0,-0.4836582148614932,-0.5527994330262187,False,0,7009.571428571428,7170.142857142857,7242.0,-31.285714285714285,1.7043692045212648,1.1780104712041886
2024-07-07,96.0,160.0,233.0,6599,213.0,True,False,3.0,6759.0,20.0,-2.812960235640649,-3.6630558722919093,True,2,6918.142857142857,7119.571428571428,7135.857142857143,-26.857142857142858,1.670613281334333,0.9141630901287554
2024-07-08,141.0,173.0,129.0,6617,123.0,False,False,1.0,6790.0,6.0,0.27276860130323044,0.458647728953987,True,3,6825.142857142857,7069.5,7034.0,-27.428571428571427,1.675779256915506,0.9534883720930233
2024-07-09,116.0,181.0,182.0,6651,130.0,True,False,1.0,6832.0,52.0,0.5138280187396038,0.6185567010309256,True,4,6739.857142857143,7020.285714285715,6944.857142857143,-18.285714285714285,1.6865384547687505,0.7142857142857143
2024-07-10,150.0,157.0,201.0,6649,177.0,True,False,1.0,6806.0,24.0,-0.03007066606525166,-0.38056206088993294,True,5,6707.714285714285,6964.285714285715,6902.285714285715,0.2857142857142857,1.6045055354302642,0.8805970149253731
2024-07-11,80.0,176.0,125.0,6640,197.0,False,False,1.0,6816.0,-72.0,-0.13535870055647603,0.1469291801351691,False,0,6681.285714285715,6907.785714285715,6867.714285714285,0.0,1.600843733681274,1.576
2024-07-14,116.0,188.0,164.0,6308,237.0,False,False,3.0,6496.0,-73.0,-5.000000000000004,-4.694835680751175,False,0,6607.714285714285,6840.714285714285,6787.857142857143,-11.0,1.9165053782111257,1.4451219512195121
2024-07-15,105.0,185.0,158.0,6283,171.0,False,False,1.0,6468.0,-13.0,-0.39632213062777977,-0.4310344827586188,False,0,6535.285714285715,6772.428571428572,6709.571428571428,-8.0,1.908159732774667,1.0822784810126582
2024-07-16,136.0,246.0,123.0,6239,173.0,False,False,1.0,6485.0,-50.0,-0.7003024033105154,0.26283240568953925,False,0,6483.857142857143,6701.0,6670.428571428572,-18.0,1.8893201656933805,1.4065040650406504
2024-07-17,128.0,228.0,177.0,6228,187.0,False,False,1.0,6456.0,-10.0,-0.17631030613880494,-0.44718581341557373,False,0,6428.285714285715,6626.714285714285,6622.714285714285,-20.285714285714285,1.8615885480482908,1.0564971751412429
2024-07-21,90.0,196.0,205.0,6058,262.0,True,False,4.0,6254.0,-57.0,-2.729608220937696,-3.1288723667905805,False,0,6343.571428571428,6541.714285714285,6540.142857142857,-35.857142857142854,1.895192490528806,1.278048780487805
2024-07-22,102.0,189.0,155.0,6002,234.0,False,False,1.0,6191.0,-79.0,-0.9243974909210917,-1.0073552926127327,False,0,6251.142857142857,6479.428571428572,6452.285714285715,-50.57142857142857,1.5261166096108727,1.5096774193548388
2024-07-23,120.0,257.0,126.0,5965,170.0,False,False,1.0,6222.0,-44.0,-0.6164611796067976,0.500726861573253,False,0,6154.714285714285,6418.0,6367.428571428572,-46.57142857142857,1.5275008097026936,1.3492063492063493
2024-07-24,137.0,272.0,166.0,5927,177.0,False,False,1.0,6199.0,-11.0,-0.6370494551550698,-0.3696560591449738,False,0,6100.285714285715,6354.0,6325.0,-37.714285714285715,1.5079466163025195,1.0662650602409638
2024-07-25,93.0,198.0,208.0,5954,194.0,True,False,1.0,6152.0,14.0,0.45554243293401964,-0.7581868043232798,True,2,6053.285714285715,6294.285714285715,6279.857142857143,-33.857142857142854,1.5524272091915694,0.9326923076923077
2024-07-28,152.0,290.0,199.0,5743,207.0,False,False,3.0,6033.0,-8.0,-3.54383607658717,-1.934330299089726,False,0,5982.428571428572,6233.142857142857,6215.285714285715,-27.857142857142858,1.6311775520934726,1.0402010050251256
2024-07-29,114.0,210.0,219.0,5819,163.0,True,False,1.0,6029.0,56.0,1.3233501654187796,-0.06630200563566557,True,2,5924.0,6176.142857142857,6154.285714285715,-18.428571428571427,1.714999638055294,0.7442922374429224
2024-07-30,125.0,203.0,208.0,5930,92.0,True,False,1.0,6133.0,116.0,1.9075442515896102,1.724995853375355,True,3,5905.714285714285,6124.642857142857,6137.0,6.285714285714286,1.8393134118501488,0.4423076923076923
2024-07-31,140.0,261.0,163.0,5963,154.0,False,False,1.0,6224.0,9.0,0.5564924114671133,1.4837762921897868,True,4,5900.142857142857,6075.642857142857,6141.714285714285,18.857142857142858,1.8647115598054151,0.9447852760736196
2024-08-01,227.0,298.0,212.0,6016,169.0,False,False,1.0,6314.0,43.0,0.8888143551903482,1.4460154241645151,True,5,5907.428571428572,6031.071428571428,6154.857142857143,31.285714285714285,1.9105581433501089,0.7971698113207547
2024-08-04,63.0,167.0,143.0,5943,170.0,False,False,3.0,6110.0,-27.0,-1.2134308510638347,-3.230915426037373,False,0,5909.714285714285,6005.0,6142.142857142857,29.0,1.4699623529034611,1.1888111888111887
2024-08-05,172.0,259.0,138.0,5950,150.0,False,False,1.0,6209.0,-12.0,0.11778563015312216,1.6202945990180018,False,0,5909.142857142857,5981.214285714285,6150.285714285715,25.285714285714285,1.476862529565035,1.0869565217391304
2024-08-06,163.0,283.0,200.0,5998,143.0,False,False,1.0,6281.0,57.0,0.806722689075623,1.1596070220647459,True,2,5945.571428571428,5964.0,6185.714285714285,34.57142857142857,1.5061932463349863,0.715
2024-08-07,135.0,273.0,207.0,6038,174.0,False,False,1.0,6311.0,33.0,0.6668889629876551,0.4776309504855858,True,3,5976.857142857143,5950.428571428572,6226.0,31.285714285714285,1.5269581873268065,0.8405797101449275
2024-08-08,119.0,230.0,213.0,6084,174.0,False,False,1.0,6314.0,39.0,0.7618416694269659,0.04753604816987167,True,4,5998.857142857143,5952.285714285715,6251.857142857143,20.285714285714285,1.3597781672624967,0.8169014084507042
2024-08-11,95.0,211.0,140.0,5894,249.0,False,False,3.0,6105.0,-109.0,-3.1229454306377358,-3.3101045296167197,False,0,5989.0,5944.571428571428,6234.857142857143,3.4285714285714284,1.587515199155653,1.7785714285714285
2024-08-12,109.0,219.0,155.0,5903,148.0,False,False,1.0,6122.0,7.0,0.152697658635903,0.27846027846027965,True,2,5972.857142857143,5940.142857142857,6207.428571428572,-1.7142857142857142,1.5822295999059568,0.9548387096774194
2024-08-13,162.0,239.0,189.0,5981,123.0,False,False,1.0,6220.0,66.0,1.321362019312211,1.6007840574975507,True,3,5978.285714285715,5944.0,6223.142857142857,11.571428571428571,1.6138141636448886,0.6507936507936508
2024-08-14,109.0,226.0,191.0,5987,178.0,False,False,1.0,6213.0,13.0,0.10031767262999036,-0.11254019292604722,True,4,5983.571428571428,5946.357142857143,6223.714285714285,15.142857142857142,1.6101941659892152,0.9319371727748691
2024-08-15,124.0,241.0,156.0,5895,220.0,False,False,1.0,6136.0,-64.0,-1.5366627693335522,-1.2393368742958266,False,0,5968.857142857143,5957.214285714285,6203.0,-2.142857142857143,1.3304924850879094,1.4102564102564104
2024-08-18,86.0,244.0,235.0,5821,178.0,False,False,3.0,6065.0,57.0,-1.255301102629347,-1.1571056062581464,True,2,5937.857142857143,5957.357142857143,6167.857142857143,1.2857142857142858,1.3407305433978414,0.7574468085106383
2024-08-19,176.0,254.0,162.0,5865,158.0,False,False,1.0,6119.0,4.0,0.7558838687510727,0.8903544929925733,True,3,5906.571428571428,5952.714285714285,6140.0,-3.7142857142857144,1.2474955084211188,0.9753086419753086
2024-08-20,136.0,274.0,245.0,5995,112.0,False,False,1.0,6269.0,133.0,2.2165387894288235,2.45138094459878,True,4,5921.0,5955.0,6163.428571428572,30.857142857142858,1.3832721847441436,0.45714285714285713
2024-08-21,134.0,245.0,167.0,6028,156.0,False,False,1.0,6273.0,11.0,0.5504587155963359,0.06380602966979954,True,5,5938.857142857143,5955.857142857143,6185.0,31.428571428571427,1.3703314720358577,0.9341317365269461
2024-08-22,182.0,307.0,205.0,6054,171.0,False,False,1.0,6361.0,34.0,0.431320504313204,1.4028375577873398,True,6,5949.285714285715,5963.785714285715,6205.142857142857,26.857142857142858,1.3259599356394598,0.8341463414634146
2024-08-27,149.0,285.0,222.0,6152,97.0,False,False,5.0,6437.0,125.0,1.6187644532540402,1.1947806948592987,True,7,5972.857142857143,5978.214285714285,6237.142857142857,42.857142857142854,1.383419733017249,0.4369369369369369
2024-08-28,170.0,285.0,178.0,6227,134.0,False,False,1.0,6512.0,44.0,1.2191157347204218,1.1651390399254336,True,8,6020.285714285715,5994.571428571428,6290.857142857143,58.285714285714285,1.4005230157703008,0.7528089887640449
2024-08-29,145.0,295.0,188.0,6250,169.0,False,False,1.0,6545.0,19.0,0.3693592420106029,0.5067567567567544,True,9,6081.571428571428,6009.714285714285,6359.428571428572,52.857142857142854,1.3964056044953708,0.898936170212766
2024-09-02,133.0,270.0,198.0,6192,129.0,False,False,4.0,6462.0,69.0,-0.9279999999999955,-1.268143621084794,True,10,6128.285714285715,6017.428571428572,6408.428571428572,62.142857142857146,1.4221068264515815,0.6515151515151515
2024-09-03,131.0,263.0,177.0,6272,112.0,False,False,1.0,6535.0,65.0,1.2919896640826822,1.1296812132466805,True,11,6167.857142857143,6044.428571428572,6446.428571428572,52.42857142857143,1.096194908094746,0.632768361581921
2024-09-04,121.0,231.0,219.0,6375,114.0,False,False,1.0,6606.0,105.0,1.6422193877551061,1.0864575363427775,True,12,6217.428571428572,6078.142857142857,6494.0,65.85714285714286,1.1366013774366048,0.5205479452054794
2024-09-05,126.0,230.0,175.0,6448,121.0,False,False,1.0,6678.0,54.0,1.1450980392156973,1.089918256130784,True,13,6273.714285714285,6111.5,6539.285714285715,68.71428571428571,1.1284294674482445,0.6914285714285714
2024-09-08,123.0,255.0,164.0,6312,221.0,False,False,3.0,6567.0,-57.0,-2.109181141439209,-1.6621743036837389,False,0,6296.571428571428,6134.714285714285,6557.857142857143,42.714285714285715,1.331540761116714,1.3475609756097562
2024-09-09,144.0,275.0,190.0,6353,141.0,False,False,1.0,6628.0,49.0,0.6495564005069676,0.928886858535094,True,2,6314.571428571428,6167.428571428572,6574.428571428572,43.42857142857143,1.2114222040105023,0.7421052631578947
2024-09-10,131.0,251.0,180.0,6396,148.0,False,False,1.0,6647.0,32.0,0.6768455847631083,0.28666264333132574,True,3,6335.428571428572,6208.5,6589.0,45.285714285714285,1.0953254940390464,0.8222222222222222
2024-09-11,93.0,248.0,175.0,6410,162.0,False,False,1.0,6658.0,13.0,0.21888680425266038,0.16548819016097838,True,4,6366.571428571428,6247.428571428572,6617.0,37.285714285714285,1.1018734894924744,0.9257142857142857
2024-09-12,184.0,280.0,210.0,6360,220.0,False,False,1.0,6640.0,-10.0,-0.7800312012480548,-0.270351456893958,False,0,6379.142857142857,6273.5,6632.0,26.571428571428573,1.062919357421051,1.0476190476190477
2024-09-13,81.0,200.0,212.0,6326,279.0,True,False,1.0,6526.0,-67.0,-0.5345911949685589,-1.7168674698795128,False,0,6372.142857142857,6294.785714285715,6620.571428571428,2.0,1.0924757026247014,1.3160377358490567
2024-09-15,98.0,220.0,167.0,6234,210.0,False,False,2.0,6454.0,-43.0,-1.4543155232374372,-1.1032791909285966,False,0,6341.571428571428,6307.642857142857,6588.571428571428,-11.857142857142858,1.1933652327482693,1.2574850299401197
2024-09-16,113.0,209.0,160.0,6229,164.0,False,False,1.0,6438.0,-4.0,-0.08020532563361993,-0.24790827393864623,False,0,6329.714285714285,6313.142857142857,6570.142857142857,-4.285714285714286,1.1241336872098375,1.025
2024-09-17,159.0,304.0,139.0,6227,160.0,False,False,1.0,6531.0,-21.0,-0.03210788248515506,1.4445479962721386,False,0,6311.714285714285,6313.142857142857,6556.285714285715,-14.285714285714286,1.0766010627162501,1.1510791366906474
2024-09-18,116.0,213.0,217.0,6245,149.0,True,False,1.0,6458.0,68.0,0.28906375461699163,-1.1177461338233052,True,2,6290.142857142857,6312.785714285715,6529.285714285715,-9.142857142857142,1.0747252032302816,0.6866359447004609
2024-09-19,93.0,196.0,169.0,6270,188.0,False,False,1.0,6466.0,-19.0,0.4003202562049557,0.12387736141219463,False,0,6270.142857142857,6318.357142857143,6501.857142857143,-13.714285714285714,1.0447448096374652,1.1124260355029585
2024-09-22,124.0,234.0,161.0,5989,197.0,False,False,3.0,6223.0,-36.0,-4.481658692185009,-3.7581193937519353,False,0,6217.142857142857,6298.142857142857,6442.285714285715,-17.428571428571427,1.5520710323560367,1.2236024844720497
2024-09-23,92.0,203.0,173.0,6002,165.0,False,False,1.0,6205.0,8.0,0.21706461846719982,-0.28924955809095376,True,2,6170.857142857143,6271.5,6396.428571428572,-6.714285714285714,1.457478406969337,0.953757225433526
2024-09-24,186.0,259.0,172.0,6023,143.0,False,False,1.0,6282.0,29.0,0.3498833722092698,1.2409347300563978,True,3,6140.714285714285,6241.142857142857,6371.857142857143,3.5714285714285716,1.406406262598882,0.8313953488372093
2024-09-25,154.0,225.0,220.0,6050,169.0,False,False,1.0,6275.0,51.0,0.4482815872488777,-0.11142948105699046,True,4,6115.142857142857,6222.428571428572,6348.571428571428,11.428571428571429,1.3426699678176113,0.7681818181818182
2024-09-26,91.0,199.0,172.0,6090,185.0,False,False,1.0,6289.0,-13.0,0.6611570247933907,0.223107569721126,False,0,6095.571428571428,6203.642857142857,6314.0,12.571428571428571,1.3433003570849442,1.0755813953488371
2024-09-29,81.0,213.0,153.0,5925,177.0,False,False,3.0,6138.0,-24.0,-2.7093596059113323,-2.401017649864845,False,0,6049.857142857143,6170.0,6268.285714285715,-0.5714285714285714,1.455424303300058,1.1568627450980393
2024-09-30,209.0,285.0,184.0,5967,138.0,False,False,1.0,6252.0,46.0,0.7088607594936791,1.8572825024437911,True,2,6006.571428571428,6138.357142857143,6237.714285714285,8.714285714285714,1.4806159758221424,0.75
2024-10-01,184.0,314.0,217.0,6040,137.0,False,False,1.0,6354.0,80.0,1.2233953410424103,1.6314779270633295,True,3,6013.857142857143,6115.5,6256.428571428572,25.285714285714285,1.5467885235417325,0.631336405529954
2024-10-02,107.0,215.0,230.0,6091,173.0,True,False,1.0,6306.0,57.0,0.8443708609271461,-0.7554296506137814,True,4,6026.571428571428,6098.714285714285,6270.857142857143,32.285714285714285,1.578177979414119,0.7521739130434782
2024-10-03,101.0,162.0,178.0,6118,193.0,True,False,1.0,6280.0,-15.0,0.44327696601542677,-0.4123057405645447,False,0,6040.142857142857,6090.428571428572,6270.571428571428,26.0,1.5487635239530173,1.0842696629213484
2024-10-07,99.0,190.0,176.0,5968,153.0,False,False,4.0,6158.0,23.0,-2.4517816279829963,-1.942675159235674,True,2,6028.428571428572,6071.785714285715,6253.857142857143,22.0,1.6688045645713807,0.8693181818181818
2024-10-08,167.0,239.0,166.0,6013,123.0,False,False,1.0,6252.0,43.0,0.7540214477211871,1.5264696329977179,True,3,6017.428571428572,6056.5,6248.571428571428,30.0,1.6912995781615137,0.7409638554216867
2024-10-09,115.0,216.0,169.0,6047,137.0,False,False,1.0,6263.0,32.0,0.5654415433228088,0.175943698016634,True,4,6034.857142857143,6042.357142857143,6266.428571428572,38.0,1.699492018981431,0.8106508875739645
2024-10-10,84.0,158.0,193.0,6075,159.0,True,False,1.0,6233.0,34.0,0.4630395237307683,-0.4790036723614888,True,5,6050.285714285715,6028.428571428572,6263.714285714285,36.285714285714285,1.7013238749485635,0.8238341968911918
2024-10-13,130.0,227.0,192.0,5889,210.0,False,False,3.0,6116.0,-18.0,-3.0617283950617247,-1.8771057275790204,False,0,6028.714285714285,6021.285714285715,6229.714285714285,22.285714285714285,1.451118407139362,1.09375
2024-10-14,88.0,214.0,160.0,5935,106.0,False,False,1.0,6149.0,54.0,0.7811173374087321,0.5395683453237377,True,2,6006.428571428572,6016.5,6207.285714285715,21.857142857142858,1.4686310253110708,0.6625
2024-10-15,113.0,208.0,159.0,6013,107.0,False,False,1.0,6221.0,52.0,1.314237573715249,1.170922101154659,True,3,5991.428571428572,6015.785714285715,6198.857142857143,31.428571428571427,1.5118198401847278,0.6729559748427673
2024-10-16,174.0,285.0,150.0,6036,129.0,False,False,1.0,6321.0,21.0,0.38250457342425825,1.6074586079408482,True,4,6001.142857142857,6014.785714285715,6222.142857142857,31.142857142857142,1.510417340675304,0.86
2024-10-17,104.0,230.0,206.0,6076,160.0,False,False,1.0,6306.0,46.0,0.662690523525522,-0.23730422401518902,True,5,6010.142857142857,6013.785714285715,6229.857142857143,31.571428571428573,1.5104694851488012,0.7766990291262136
2024-10-20,147.0,276.0,214.0,5918,195.0,False,False,3.0,6194.0,19.0,-2.600394996708366,-1.776086267047261,True,6,5991.714285714285,6013.285714285715,6220.0,29.714285714285715,1.495674671114629,0.9112149532710281
2024-10-21,108.0,220.0,213.0,5966,154.0,False,False,1.0,6186.0,59.0,0.811084825954711,-0.12915724895059544,True,7,5976.142857142857,6013.214285714285,6213.285714285715,33.285714285714285,1.499634820674823,0.7230046948356808
2024-10-22,180.0,280.0,146.0,6043,109.0,False,False,1.0,6323.0,37.0,1.2906469996647685,2.2146783058519137,True,8,5998.142857142857,6013.428571428572,6242.857142857143,41.142857142857146,1.5039243277693,0.7465753424657534
2024-10-23,134.0,294.0,186.0,6077,138.0,False,False,1.0,6371.0,48.0,0.5626344530862193,0.7591333227898067,True,9,6018.428571428572,6012.428571428572,6274.571428571428,40.285714285714285,1.4938119803786993,0.7419354838709677
2024-10-27,202.0,313.0,158.0,5974,192.0,False,False,4.0,6287.0,-34.0,-1.6949152542372836,-1.318474336838804,False,0,6012.857142857143,6002.142857142857,6284.0,28.0,1.5525024378238732,1.2151898734177216
2024-10-28,110.0,272.0,193.0,6008,156.0,False,False,1.0,6280.0,37.0,0.5691329092735176,-0.11134086209638738,True,2,6008.857142857143,6005.0,6278.142857142857,30.285714285714285,1.4129326647280416,0.8082901554404145
2024-10-29,166.0,277.0,229.0,6106,126.0,False,False,1.0,6383.0,103.0,1.6311584553928116,1.6401273885350287,True,3,6013.142857142857,6011.642857142857,6289.142857142857,38.42857142857143,1.4647109111630785,0.5502183406113537
2024-10-30,136.0,276.0,178.0,6149,160.0,False,False,1.0,6425.0,18.0,0.7042253521126751,0.6579978066739711,True,4,6046.142857142857,6018.928571428572,6322.142857142857,38.285714285714285,1.4684242318495109,0.898876404494382
2024-10-31,87.0,246.0,173.0,6148,177.0,False,False,1.0,6394.0,-4.0,-0.01626280696047644,-0.4824902723735369,False,0,6072.142857142857,6024.142857142857,6351.857142857143,29.285714285714285,1.46563879267119,1.023121387283237
2024-11-03,84.0,171.0,157.0,5990,184.0,False,False,3.0,6161.0,-27.0,-2.569941444372148,-3.6440412887081663,False,0,6064.571428571428,6031.357142857143,6328.714285714285,20.142857142857142,1.3879851077368082,1.1719745222929936
2024-11-04,167.0,209.0,157.0,6007,132.0,False,False,1.0,6216.0,25.0,0.28380634390650084,0.8927122220418804,True,2,6054.571428571428,6036.5,6306.571428571428,16.857142857142858,1.376370202692713,0.8407643312101911
2024-11-05,109.0,245.0,159.0,6045,126.0,False,False,1.0,6290.0,33.0,0.6325953054769462,1.1904761904761862,True,3,6064.714285714285,6038.785714285715,6307.0,26.428571428571427,1.3415396855668884,0.7924528301886793
2024-11-06,156.0,256.0,176.0,6086,137.0,False,False,1.0,6342.0,39.0,0.6782464846980973,0.8267090620031725,True,4,6075.857142857143,6042.357142857143,6315.857142857143,26.714285714285715,1.349544555658583,0.7784090909090909
2024-11-07,125.0,232.0,192.0,6084,177.0,False,False,1.0,6316.0,15.0,-0.032862306933945096,-0.40996531062755803,True,5,6072.714285714285,6042.928571428572,6306.285714285715,14.142857142857142,1.338706368648446,0.921875
2024-11-11,118.0,139.0,168.0,5963,145.0,True,False,4.0,6102.0,23.0,-1.9888231426692937,-3.3882203926535737,True,6,6046.142857142857,6046.142857142857,6260.142857142857,14.857142857142858,1.2539976475881942,0.8630952380952381
2024-11-12,142.0,235.0,139.0,5975,138.0,False,False,1.0,6210.0,1.0,0.20124098608083063,1.7699115044247815,True,7,6021.428571428572,6046.785714285715,6233.857142857143,15.571428571428571,1.2364245167528818,0.9928057553956835
2024-11-13,148.0,245.0,175.0,5966,151.0,False,False,1.0,6211.0,24.0,-0.15062761506275946,0.016103059581329404,True,8,6018.0,6041.285714285715,6241.0,22.857142857142858,1.181065059384213,0.8628571428571429
2024-11-14,119.0,219.0,210.0,6025,172.0,False,False,1.0,6244.0,38.0,0.988937311431437,0.5313154081468374,True,9,6020.571428571428,6037.571428571428,6245.0,24.714285714285715,1.204314187650395,0.819047619047619
2024-11-17,105.0,210.0,149.0,5816,195.0,False,False,3.0,6026.0,-46.0,-3.4688796680497958,-3.49135169762973,False,0,5987.857142857143,6026.285714285715,6207.285714285715,13.428571428571429,1.456994079373083,1.308724832214765
2024-11-18,143.0,203.0,163.0,5819,138.0,False,False,1.0,6022.0,25.0,0.05158184319120629,-0.06637902422834685,True,2,5949.714285714285,6012.785714285715,6161.571428571428,11.428571428571429,1.4429876893321638,0.8466257668711656
2024-11-19,119.0,209.0,152.0,5844,146.0,False,False,1.0,6053.0,6.0,0.42962708369136404,0.5147791431418192,True,3,5915.428571428572,5994.071428571428,6124.0,10.142857142857142,1.3577433306124425,0.9605263157894737
2024-11-20,155.0,212.0,181.0,5879,148.0,False,False,1.0,6091.0,33.0,0.5989048596851454,0.6277878737815934,True,4,5903.428571428572,5974.785714285715,6122.428571428572,11.571428571428571,1.3520064800665352,0.8176795580110497
2024-11-21,109.0,214.0,173.0,5850,210.0,False,False,1.0,6064.0,-37.0,-0.493281170267057,-0.44327696601543787,False,0,5885.571428571428,5953.5,6101.571428571428,6.142857142857143,1.3500001876570356,1.2138728323699421
2024-11-24,191.0,283.0,192.0,5664,207.0,False,False,3.0,5947.0,-15.0,-3.1794871794871837,-1.9294195250659674,False,0,5842.428571428572,5930.214285714285,6063.857142857143,0.5714285714285714,1.4344416134559945,1.078125
2024-11-25,170.0,297.0,196.0,5715,129.0,False,False,1.0,6012.0,67.0,0.9004237288135597,1.0929880612073228,True,2,5798.142857142857,5909.357142857143,6030.714285714285,4.714285714285714,1.465819502289701,0.6581632653061225
2024-11-26,152.0,272.0,214.0,5826,112.0,False,False,1.0,6098.0,102.0,1.942257217847776,1.4304723885562254,True,3,5799.571428571428,5893.714285714285,6041.0,25.857142857142858,1.5710343467117254,0.5233644859813084
2024-11-27,239.0,367.0,224.0,5862,211.0,False,False,1.0,6229.0,13.0,0.6179196704428458,2.1482453263365064,True,4,5805.714285714285,5877.714285714285,6070.571428571428,24.142857142857142,1.5683681626722017,0.9419642857142857
2024-11-28,113.0,280.0,237.0,5963,143.0,False,False,1.0,6243.0,94.0,1.7229614466052645,0.224755177396041,True,5,5822.714285714285,5869.071428571428,6097.714285714285,36.714285714285715,1.6553683985574845,0.6033755274261603
2024-12-01,196.0,306.0,187.0,5986,149.0,False,False,3.0,6292.0,38.0,0.38571188998826056,0.7848790645522907,True,6,5838.0,5870.714285714285,6126.428571428572,37.42857142857143,1.5697532315894496,0.7967914438502673
2024-12-02,236.0,330.0,222.0,6061,115.0,False,False,1.0,6391.0,107.0,1.2529234881389906,1.573426573426584,True,7,5868.142857142857,5876.857142857143,6173.142857142857,58.0,1.6029232755331764,0.5180180180180181
2024-12-03,81.0,230.0,242.0,6192,107.0,True,False,1.0,6422.0,135.0,2.161359511631744,0.48505711156312525,True,8,5943.571428571428,5893.0,6241.0,79.42857142857143,1.6902567991585358,0.44214876033057854
2024-12-04,118.0,245.0,160.0,6269,115.0,False,False,1.0,6514.0,45.0,1.2435400516795925,1.4325755216443525,True,9,6022.714285714285,5910.428571428572,6312.714285714285,76.28571428571429,1.6998212700045157,0.71875
2024-12-05,218.0,283.0,208.0,6310,150.0,False,False,1.0,6593.0,58.0,0.6540118041154841,1.2127724900214965,True,10,6091.857142857143,5945.714285714285,6383.428571428572,70.0,1.309406629237848,0.7211538461538461
2024-12-08,132.0,243.0,183.0,6286,172.0,False,False,3.0,6529.0,11.0,-0.38034865293185005,-0.9707265281359012,True,11,6152.428571428572,5979.071428571428,6426.285714285715,69.71428571428571,1.3280757195724011,0.9398907103825137
2024-12-09,224.0,315.0,152.0,6268,174.0,False,False,1.0,6583.0,-22.0,-0.2863506204263455,0.8270791851738402,False,0,6196.0,6009.357142857143,6474.857142857143,53.142857142857146,1.3471791863302014,1.144736842105263
2024-12-10,167.0,326.0,213.0,6310,149.0,False,False,1.0,6636.0,64.0,0.6700701978302526,0.8051040559015732,True,2,6242.285714285715,6040.142857142857,6524.0,56.857142857142854,1.3476744634731679,0.6995305164319249
2024-12-11,209.0,353.0,232.0,6402,152.0,False,False,1.0,6755.0,80.0,1.4580031695720974,1.793248945147674,True,3,6291.0,6079.571428571428,6576.0,53.0,1.3362152617700367,0.6551724137931034
2024-12-12,153.0,253.0,286.0,6481,194.0,True,False,1.0,6734.0,92.0,1.2339893783192668,-0.31088082901554737,True,4,6332.285714285715,6137.928571428572,6620.571428571428,46.857142857142854,0.7573302187861378,0.6783216783216783
2024-12-15,180.0,337.0,219.0,6408,224.0,False,False,3.0,6745.0,-5.0,-1.126369387440207,0.16335016335016217,False,0,6352.142857142857,6187.428571428572,6653.571428571428,39.714285714285715,0.9426484528803608,1.0228310502283104
2024-12-16,133.0,287.0,189.0,6454,149.0,False,False,1.0,6741.0,40.0,0.7178526841448152,-0.05930318754633346,True,2,6372.714285714285,6232.285714285715,6674.714285714285,37.142857142857146,0.8861193179467799,0.7883597883597884
2024-12-17,187.0,310.0,247.0,6506,151.0,False,False,1.0,6816.0,96.0,0.8057018903005808,1.1125945705384943,True,3,6404.142857142857,6278.285714285715,6715.714285714285,49.285714285714285,0.8855907521050532,0.611336032388664
2024-12-18,168.0,285.0,210.0,6598,134.0,False,False,1.0,6883.0,76.0,1.4140793114048478,0.9829812206572752,True,4,6451.285714285715,6323.642857142857,6758.571428571428,63.285714285714285,0.8630728365460999,0.638095238095238
2024-12-19,269.0,412.0,204.0,6600,238.0,False,False,1.0,7012.0,-34.0,0.030312215822969613,1.8741827691413526,False,0,6492.714285714285,6367.5,6812.285714285715,49.285714285714285,0.8790219446889902,1.1666666666666667
2024-12-22,100.0,255.0,236.0,6595,268.0,False,False,3.0,6850.0,-32.0,-0.07575757575757347,-2.310325156873927,False,0,6520.285714285715,6405.642857142857,6825.857142857143,33.285714285714285,0.8868296386671087,1.1355932203389831
2024-12-23,205.0,294.0,177.0,6548,231.0,False,False,1.0,6842.0,-54.0,-0.7126611068991706,-0.11678832116788218,False,0,6529.857142857143,6431.071428571428,6841.285714285715,12.428571428571429,0.8305981191949293,1.305084745762712
2024-12-24,161.0,304.0,211.0,6622,155.0,False,False,1.0,6926.0,56.0,1.1301160659743514,1.2277111955568465,True,2,6560.428571428572,6456.285714285715,6867.142857142857,21.142857142857142,0.8222833748695041,0.7345971563981043
2024-12-25,57.0,162.0,193.0,6689,107.0,True,False,1.0,6851.0,86.0,1.011778918755657,-1.082876118971987,True,3,6594.0,6483.357142857143,6882.857142857143,27.714285714285715,0.8363841764627228,0.5544041450777202
2024-12-26,80.0,122.0,152.0,6707,135.0,True,False,1.0,6829.0,17.0,0.26909851995813305,-0.3211210042329604,True,4,6622.714285714285,6513.428571428572,6884.714285714285,16.428571428571427,0.805992936916434,0.8881578947368421
2024-12-29,107.0,170.0,133.0,6465,216.0,False,False,3.0,6635.0,-83.0,-3.608170568063218,-2.8408258895885163,False,0,6603.714285714285,6527.5,6849.285714285715,-6.285714285714286,1.350136878625154,1.6240601503759398
2024-12-30,99.0,156.0,139.0,6454,177.0,False,False,1.0,6610.0,-38.0,-0.1701469450889448,-0.37678975131876236,False,0,6582.857142857143,6537.785714285715,6791.857142857143,-6.857142857142857,1.3477359820888544,1.2733812949640289
2025-01-01,25.0,66.0,94.0,6405,144.0,True,False,2.0,6471.0,-50.0,-0.7592190889370909,-2.1028744326777593,False,0,6555.714285714285,6538.0,6737.714285714285,-9.428571428571429,1.314585601570364,1.5319148936170213
2025-01-02,35.0,70.0,53.0,6292,170.0,False,False,1.0,6362.0,-117.0,-1.764246682279469,-1.6844382630196275,False,0,6519.142857142857,6524.5,6669.142857142857,-18.428571428571427,1.3439975983817303,3.207547169811321
2025-01-05,43.0,73.0,64.0,5882,185.0,False,False,3.0,5955.0,-121.0,-6.5162110616656115,-6.397359320968254,False,0,6413.428571428572,6486.928571428572,6530.428571428572,-43.714285714285715,2.15575512962246,2.890625
2025-01-06,41.0,60.0,71.0,5769,190.0,True,False,1.0,5829.0,-119.0,-1.921115266916018,-2.1158690176322437,False,0,6282.0,6438.0,6384.428571428572,-73.0,2.14818088497161,2.676056338028169
2025-01-07,65.0,83.0,65.0,5703,133.0,False,False,1.0,5786.0,-68.0,-1.14404576183047,-0.7376908560645101,False,0,6138.571428571428,6380.642857142857,6235.428571428572,-85.14285714285714,2.100408649669898,2.046153846153846
2025-01-08,38.0,80.0,82.0,5605,184.0,True,False,1.0,5685.0,-102.0,-1.7183938278099276,-1.7455928102315887,False,0,6015.714285714285,6309.714285714285,6099.714285714285,-87.85714285714286,1.997488639163465,2.2439024390243905
2025-01-09,56.0,82.0,68.0,5507,164.0,False,False,1.0,5589.0,-96.0,-1.7484388938447837,-1.6886543535620024,False,0,5880.428571428572,6231.642857142857,5953.857142857143,-96.14285714285714,1.9738081630001867,2.411764705882353
2025-01-12,74.0,103.0,80.0,5092,235.0,False,False,3.0,5195.0,-155.0,-7.535863446522606,-7.049561638933621,False,0,5692.857142857143,6124.285714285715,5771.571428571428,-111.14285714285714,2.5504537832193885,2.9375
2025-01-13,68.0,107.0,102.0,5019,181.0,False,False,1.0,5126.0,-79.0,-1.4336213668499576,-1.3282001924927789,False,0,5511.0,6015.071428571428,5595.0,-105.71428571428571,2.5340553389179066,1.7745098039215685
2025-01-14,92.0,124.0,93.0,4957,139.0,False,False,1.0,5081.0,-46.0,-1.2353058378163029,-0.877877487319545,False,0,5378.857142857143,5896.142857142857,5470.142857142857,-95.0,2.395073584374859,1.4946236559139785
2025-01-15,113.0,162.0,107.0,4903,164.0,False,False,1.0,5065.0,-57.0,-1.0893685696994115,-0.3148986419996058,False,0,5255.142857142857,5768.571428571428,5361.0,-86.14285714285714,2.252072291549462,1.5327102803738317
2025-01-16,106.0,196.0,131.0,4881,159.0,False,False,1.0,5077.0,-28.0,-0.4487048745665967,0.23692003948667661,False,0,5137.714285714285,5638.142857142857,5259.714285714285,-80.42857142857143,2.1998451857219687,1.213740458015267
2025-01-19,86.0,152.0,168.0,4628,176.0,True,False,3.0,4780.0,-8.0,-5.183364064740836,-5.849911364979321,False,0,4998.142857142857,5506.928571428572,5130.428571428572,-67.0,2.3135974460561264,1.0476190476190477
2025-01-20,84.0,118.0,136.0,4638,127.0,True,False,1.0,4756.0,9.0,0.2160760587726962,-0.5020920502092019,True,2,4874.0,5377.214285714285,5011.428571428572,-52.0,2.3434863076609824,0.9338235294117647
2025-01-21,59.0,64.0,117.0,4728,54.0,True,False,1.0,4792.0,63.0,1.9404915912031084,0.7569386038688064,True,3,4822.0,5257.428571428572,4953.857142857143,-20.857142857142858,2.57971051123879,0.46153846153846156
2025-01-22,62.0,97.0,52.0,4717,83.0,False,False,1.0,4814.0,-31.0,-0.2326565143824011,0.45909849749583564,False,0,4778.857142857143,5144.928571428572,4909.285714285715,-14.0,2.627668087989939,1.5961538461538463
2025-01-23,91.0,75.0,97.0,4621,174.0,True,False,1.0,4696.0,-77.0,-2.0351918592325657,-2.451184046530952,False,0,4730.857142857143,5054.857142857143,4854.285714285715,-18.428571428571427,2.2864732606131226,1.7938144329896908
2025-01-26,29.0,51.0,11.0,4241,182.0,False,False,3.0,4292.0,-171.0,-8.223328283921227,-8.603066439523,False,0,4636.285714285715,4945.714285714285,4743.857142857143,-34.714285714285715,2.880156619709701,16.545454545454547
2025-01-27,33.0,53.0,34.0,4161,127.0,False,False,1.0,4214.0,-93.0,-1.8863475595378487,-1.817334575955265,False,0,4533.428571428572,4835.571428571428,4620.571428571428,-44.0,2.867340588674283,3.735294117647059
2025-01-28,32.0,49.0,39.0,4096,101.0,False,False,1.0,4145.0,-62.0,-1.5621244893054609,-1.6373991457047987,False,0,4457.428571428572,4727.785714285715,4529.857142857143,-51.714285714285715,2.8696071980953697,2.58974358974359
2025-01-29,32.0,50.0,39.0,4036,99.0,False,False,1.0,4086.0,-60.0,-1.46484375,-1.423401688781667,False,0,4371.428571428572,4622.714285714285,4434.142857142857,-61.57142857142857,2.873851982493081,2.5384615384615383
2025-01-30,47.0,42.0,47.0,3923,159.0,True,False,1.0,3965.0,-112.0,-2.7998017839445,-2.961331375428289,False,0,4256.428571428572,4539.214285714285,4316.0,-86.57142857142857,2.437370157298295,3.382978723404255
2025-02-02,20.0,22.0,41.0,3483,168.0,True,False,3.0,3505.0,-127.0,-11.2159061942391,-11.601513240857509,False,0,4080.1428571428573,4429.5,4129.0,-100.28571428571429,3.49270847503494,4.097560975609756
2025-02-03,23.0,45.0,11.0,3403,102.0,False,False,1.0,3448.0,-91.0,-2.296870513924776,-1.6262482168330927,False,0,3906.1428571428573,4318.5,3950.714285714286,-102.28571428571429,3.4742465469623767,9.272727272727273
2025-02-04,34.0,54.0,29.0,3359,74.0,False,False,1.0,3413.0,-45.0,-1.2929767851895368,-1.0150812064965153,False,0,3780.1428571428573,4208.214285714285,3825.1428571428573,-84.28571428571429,3.467894873237048,2.5517241379310347
2025-02-05,26.0,36.0,36.0,3290,104.0,False,False,1.0,3326.0,-68.0,-2.054182792497772,-2.5490770583064704,False,0,3655.714285714286,4094.5714285714284,3698.285714285714,-80.71428571428571,3.4172407491514822,2.888888888888889
2025-02-06,25.0,32.0,27.0,3181,145.0,False,False,1.0,3213.0,-118.0,-3.313069908814592,-3.397474443776305,False,0,3525.0,3991.214285714286,3565.1428571428573,-88.71428571428571,3.3494500681053783,5.37037037037037
2025-02-09,15.0,13.0,23.0,2878,99.0,True,False,3.0,2891.0,-76.0,-9.52530650738761,-10.02178649237473,False,0,3359.5714285714284,3865.5,3394.4285714285716,-91.0,3.7142706357874613,4.304347826086956
2025-02-10,16.0,18.0,15.0,2834,63.0,False,False,1.0,2852.0,-48.0,-1.5288394718554588,-1.3490141819439638,False,0,3204.0,3730.214285714286,3235.4285714285716,-81.85714285714286,3.444928351328159,4.2
2025-02-11,11.0,22.0,12.0,2799,50.0,False,False,1.0,2821.0,-38.0,-1.235003528581513,-1.0869565217391353,False,0,3106.285714285714,3593.214285714286,3137.714285714286,-69.14285714285714,3.3809311296465254,4.166666666666667
2025-02-12,16.0,20.0,20.0,2752,66.0,False,False,1.0,2772.0,-46.0,-1.6791711325473413,-1.7369727047146455,False,0,3013.285714285714,3459.714285714286,3041.1428571428573,-62.714285714285715,3.394935856159815,3.3
2025-02-13,15.0,10.0,23.0,2703,72.0,True,False,1.0,2713.0,-49.0,-1.7805232558139483,-2.128427128427124,False,0,2919.5714285714284,3349.8571428571427,2941.1428571428573,-63.285714285714285,3.144059537185864,3.130434782608696
2025-02-17,8.0,17.0,14.0,2532,15.0,False,False,4.0,2549.0,-1.0,-6.326304106548275,-6.044968669369699,False,0,2811.285714285714,3233.5,2830.1428571428573,-53.714285714285715,3.233067118329731,1.0714285714285714
2025-02-18,18.0,19.0,11.0,2536,9.0,False,False,1.0,2555.0,2.0,0.15797788309637184,0.23538642604943316,True,2,2719.1428571428573,3122.0714285714284,2736.1428571428573,-36.57142857142857,3.3405686098825873,0.8181818181818182
2025-02-19,12.0,17.0,17.0,2528,19.0,False,False,1.0,2545.0,-2.0,-0.3154574132492094,-0.3913894324853229,False,0,2669.1428571428573,3014.3571428571427,2686.714285714286,-26.0,3.4029730917844967,1.1176470588235294
2025-02-20,13.0,25.0,15.0,2520,32.0,False,False,1.0,2545.0,-17.0,-0.31645569620253333,0.0,False,0,2624.285714285714,2914.1428571428573,2642.8571428571427,-21.571428571428573,3.4906571854314885,2.1333333333333333
2025-02-23,7.0,16.0,8.0,2423,35.0,False,False,3.0,2439.0,-27.0,-3.8492063492063466,-4.165029469548132,False,0,2570.5714285714284,2838.4285714285716,2588.285714285714,-20.0,2.6092230979301156,4.375
2025-02-24,20.0,22.0,14.0,2413,24.0,False,False,1.0,2435.0,-10.0,-0.4127115146512539,-0.16400164001639794,False,0,2522.1428571428573,2767.714285714286,2540.1428571428573,-14.857142857142858,2.66980526770773,1.7142857142857142
2025-02-25,11.0,7.0,7.0,2413,23.0,False,False,1.0,2420.0,-16.0,0.0,-0.6160164271047264,False,0,2480.714285714286,2700.1428571428573,2498.285714285714,-10.142857142857142,2.732334633703686,3.2857142857142856
2025-02-26,12.0,21.0,1.0,2411,23.0,False,False,1.0,2432.0,-22.0,-0.08288437629506706,0.49586776859504855,False,0,2463.4285714285716,2637.3571428571427,2481.5714285714284,-13.142857142857142,2.795944343486691,23.0
2025-02-27,10.0,15.0,17.0,2391,37.0,True,False,1.0,2406.0,-20.0,-0.8295313148071304,-1.0690789473684181,False,0,2442.714285714286,2580.9285714285716,2460.285714285714,-16.285714285714285,2.7957831701253677,2.176470588235294
2025-03-02,12.0,24.0,4.0,2297,31.0,False,False,3.0,2321.0,-27.0,-3.931409452112089,-3.5328345802161265,False,0,2409.714285714286,2539.4285714285716,2428.285714285714,-19.857142857142858,1.8863314956585069,7.75
2025-03-03,8.0,29.0,18.0,2287,25.0,False,False,1.0,2316.0,-7.0,-0.4353504571179778,-0.21542438604049696,False,0,2376.4285714285716,2500.3571428571427,2395.5714285714284,-18.428571428571427,1.911119053653271,1.3888888888888888
2025-03-04,4.0,25.0,10.0,2272,30.0,False,False,1.0,2297.0,-20.0,-0.655881066899866,-0.8203799654576849,False,0,2354.8571428571427,2462.714285714286,2375.285714285714,-17.428571428571427,1.9235829368940431,3.0
2025-03-05,5.0,20.0,4.0,2238,40.0,False,False,1.0,2258.0,-36.0,-1.4964788732394374,-1.6978667827601268,False,0,2329.8571428571427,2426.0,2350.0,-21.142857142857142,1.9226099863106054,10.0
2025-03-06,7.0,27.0,6.0,2218,33.0,False,False,1.0,2245.0,-27.0,-0.893655049151032,-0.5757307351638596,False,0,2302.0,2391.3571428571427,2325.0,-22.714285714285715,1.9254251348981626,5.5
2025-03-09,12.0,25.0,15.0,2137,30.0,False,False,3.0,2162.0,-15.0,-3.6519386834986456,-3.697104677060137,False,0,2262.8571428571427,2363.1428571428573,2286.4285714285716,-21.714285714285715,1.4781756736292795,2.0
2025-03-10,6.0,28.0,8.0,2125,23.0,False,False,1.0,2153.0,-15.0,-0.5615348619560145,-0.4162812210915856,False,0,2224.8571428571427,2333.785714285714,2250.285714285714,-21.0,1.4395657156715524,2.875
2025-03-11,3.0,11.0,7.0,2116,20.0,False,False,1.0,2127.0,-13.0,-0.4235294117647004,-1.207617278216444,False,0,2199.0,2304.3571428571427,2222.5714285714284,-19.0,1.4344775135017889,2.857142857142857
2025-03-12,6.0,18.0,2.0,2113,8.0,False,False,1.0,2131.0,-6.0,-0.14177693761814325,0.18805829807240215,False,0,2174.1428571428573,2275.285714285714,2196.1428571428573,-18.857142857142858,1.4439774344640517,4.0
2025-03-13,4.0,20.0,9.0,2116,6.0,False,False,1.0,2136.0,3.0,0.14197823000472454,0.2346316283434957,True,2,2151.8571428571427,2253.3571428571427,2173.1428571428573,-15.571428571428571,1.2731958247540764,0.6666666666666666
2025-03-16,1.0,9.0,8.0,2117,5.0,False,False,3.0,2126.0,3.0,0.04725897920605515,-0.46816479400748623,True,3,2134.5714285714284,2232.214285714286,2154.285714285714,-10.0,1.2940396470112665,0.625
2025-03-17,5.0,14.0,0.0,2111,8.0,False,False,1.0,2125.0,-8.0,-0.28341993386867825,-0.04703668861711918,False,0,2119.285714285714,2210.6428571428573,2137.1428571428573,-7.285714285714286,1.2806456350045292,
2025-03-18,19.0,34.0,6.0,2109,8.0,False,False,1.0,2143.0,-2.0,-0.0947418285172863,0.8470588235294008,False,0,2115.285714285714,2189.0714285714284,2134.4285714285716,-5.428571428571429,1.2800370086188468,1.3333333333333333
2025-03-19,6.0,22.0,14.0,2119,9.0,False,False,1.0,2141.0,5.0,0.4741583688952167,-0.09332711152589823,True,2,2114.4285714285716,2169.6428571428573,2132.714285714286,-2.5714285714285716,1.3352034070392904,0.6428571428571429
2025-03-20,9.0,20.0,11.0,2124,7.0,False,False,1.0,2144.0,4.0,0.23596035865973697,0.14012143858010973,True,3,2115.5714285714284,2157.285714285714,2135.1428571428573,-0.14285714285714285,1.023699049386387,0.6363636363636364
2025-03-23,15.0,29.0,9.0,2136,2.0,False,False,3.0,2165.0,7.0,0.5649717514124353,0.9794776119403048,True,4,2118.8571428571427,2146.5,2140.0,1.7142857142857142,1.0665395442826946,0.2222222222222222
2025-03-24,7.0,13.0,11.0,2139,7.0,False,False,1.0,2152.0,4.0,0.1404494382022392,-0.6004618937644368,True,5,2122.1428571428573,2137.0,2142.285714285714,1.8571428571428572,1.0776909979211684,0.6363636363636364
2025-03-25,12.0,19.0,7.0,2145,6.0,False,False,1.0,2164.0,1.0,0.28050490883591017,0.5576208178438735,True,6,2126.1428571428573,2130.3571428571427,2147.714285714286,1.5714285714285714,1.0458930560998154,0.8571428571428571
2025-03-26,9.0,21.0,15.0,2159,2.0,False,False,1.0,2180.0,13.0,0.6526806526806483,0.7393715341959428,True,7,2133.0,2126.1428571428573,2155.5714285714284,4.571428571428571,1.059655783127782,0.13333333333333333
2025-03-27,1.0,19.0,13.0,2159,2.0,False,False,1.0,2178.0,11.0,0.0,-0.09174311926605228,True,8,2140.1428571428573,2127.714285714286,2160.5714285714284,6.428571428571429,0.35888462687826234,0.15384615384615385
2025-03-30,9.0,20.0,5.0,2188,2.0,False,False,3.0,2208.0,3.0,1.3432144511347888,1.377410468319562,True,9,2150.0,2132.214285714286,2170.1428571428573,6.142857142857143,0.4491921357331068,0.4
2025-03-31,9.0,25.0,8.0,2193,5.0,False,False,1.0,2218.0,3.0,0.22851919561244216,0.45289855072463414,True,10,2159.8571428571427,2137.714285714286,2180.714285714286,6.0,0.41061719231501587,0.625
2025-04-01,17.0,36.0,7.0,2191,12.0,False,False,1.0,2227.0,-5.0,-0.09119927040583953,0.4057709648331853,False,0,2167.714285714286,2143.285714285714,2189.5714285714284,4.285714285714286,0.4070513803164091,1.7142857142857142
2025-04-02,5.0,31.0,16.0,2208,3.0,False,False,1.0,2239.0,13.0,0.7759014148790433,0.5388414907947947,True,2,2177.5714285714284,2149.8571428571427,2202.0,5.571428571428571,0.42764752932558014,0.1875
2025-04-03,12.0,26.0,18.0,2223,8.0,False,False,1.0,2249.0,10.0,0.6793478260869623,0.44662795891021734,True,3,2188.714285714286,2157.4285714285716,2214.1428571428573,6.857142857142857,0.43165641073259264,0.4444444444444444
2025-04-06,7.0,14.0,7.0,2234,11.0,False,False,3.0,2248.0,-4.0,0.49482681061627787,-0.04446420631392112,False,0,2199.4285714285716,2166.214285714286,2223.8571428571427,4.428571428571429,0.39204009295566017,1.5714285714285714
2025-04-07,12.0,22.0,9.0,2237,5.0,False,False,1.0,2259.0,4.0,0.13428827215755668,0.48932384341637825,True,2,2210.5714285714284,2175.3571428571427,2235.4285714285716,3.4285714285714284,0.3738941977685701,0.5555555555555556
2025-04-08,12.0,34.0,12.0,2243,9.0,False,False,1.0,2277.0,3.0,0.26821636119802594,0.7968127490039834,True,3,2218.4285714285716,2184.214285714286,2245.285714285714,3.4285714285714284,0.3757478967880225,0.75
2025-04-09,6.0,19.0,10.0,2251,5.0,False,False,1.0,2270.0,5.0,0.3566651805617438,-0.30742204655248573,True,4,2226.714285714286,2193.285714285714,2252.714285714286,3.7142857142857144,0.37287816692798587,0.5
2025-04-10,18.0,25.0,17.0,2265,6.0,False,False,1.0,2290.0,11.0,0.6219458018658308,0.8810572687224738,True,5,2237.285714285714,2202.5,2261.714285714286,6.0,0.37493067870560487,0.35294117647058826
2025-04-11,8.0,22.0,8.0,2267,9.0,False,False,1.0,2289.0,-1.0,0.08830022075054789,-0.04366812227074579,False,0,2245.714285714286,2211.6428571428573,2268.8571428571427,4.0,0.3781708092970709,1.125
2025-04-13,5.0,26.0,10.0,2283,3.0,False,False,2.0,2309.0,7.0,0.705778561976178,0.8737439930100566,True,2,2254.285714285714,2221.5,2277.4285714285716,3.5714285714285716,0.3834364587852997,0.3
2025-04-14,5.0,26.0,9.0,2282,13.0,False,False,1.0,2308.0,-4.0,-0.043802014892679875,-0.04330879168471524,False,0,2261.1428571428573,2230.285714285714,2286.0,3.5714285714285716,0.3995465673731723,1.4444444444444444
2025-04-15,4.0,19.0,12.0,2286,7.0,False,False,1.0,2305.0,5.0,0.17528483786153348,-0.12998266897746857,True,2,2268.1428571428573,2239.3571428571427,2292.5714285714284,3.7142857142857144,0.3887396525171339,0.5833333333333334
2025-04-16,11.0,30.0,5.0,2291,8.0,False,False,1.0,2321.0,-3.0,0.21872265966753623,0.694143167028205,False,0,2275.0,2246.714285714286,2298.8571428571427,2.857142857142857,0.2827723590379503,1.6
2025-04-17,7.0,26.0,10.0,2288,14.0,False,False,1.0,2314.0,-4.0,-0.13094718463553257,-0.30159414045669575,False,0,2280.285714285714,2253.5,2305.1428571428573,1.5714285714285714,0.3078532336861112,1.4
2025-04-20,4.0,15.0,6.0,2305,4.0,False,False,3.0,2320.0,2.0,0.7430069930070005,0.2592912705272177,True,2,2286.0,2261.6428571428573,2309.4285714285716,0.2857142857142857,0.30624434123895244,0.6666666666666666
2025-04-21,10.0,25.0,5.0,2308,6.0,False,False,1.0,2333.0,-1.0,0.130151843817794,0.5603448275862011,False,0,2291.8571428571427,2268.785714285714,2315.714285714286,0.2857142857142857,0.28738461672022914,1.2
2025-04-22,7.0,19.0,14.0,2305,17.0,False,False,1.0,2324.0,-3.0,-0.12998266897746857,-0.385769395627944,False,0,2295.0,2274.6428571428573,2317.8571428571427,-1.1428571428571428,0.29033368041007085,1.2142857142857142
2025-04-23,3.0,23.0,4.0,2300,11.0,False,False,1.0,2323.0,-7.0,-0.2169197396963085,-0.0430292598967319,False,0,2297.5714285714284,2279.3571428571427,2320.0,-1.5714285714285714,0.3077429748685092,2.75
2025-04-24,3.0,9.0,7.0,2294,13.0,False,False,1.0,2303.0,-6.0,-0.260869565217392,-0.860955660783469,False,0,2298.714285714286,2283.4285714285716,2319.714285714286,-3.142857142857143,0.33223230294728023,1.8571428571428572
2025-04-27,9.0,40.0,12.0,2301,4.0,False,False,3.0,2341.0,8.0,0.30514385353095363,1.6500217108119886,True,2,2300.1428571428573,2287.5714285714284,2322.5714285714284,-1.5714285714285714,0.33312853957398975,0.3333333333333333
2025-04-28,6.0,26.0,12.0,2307,8.0,False,False,1.0,2333.0,4.0,0.26075619295957697,-0.34173430158052076,True,3,2302.8571428571427,2291.5714285714284,2325.285714285714,-0.42857142857142855,0.33025701678759123,0.6666666666666666
2025-04-29,11.0,25.0,11.0,2304,15.0,False,False,1.0,2329.0,-4.0,-0.13003901170350884,-0.17145306472353683,False,0,2302.714285714286,2294.3571428571427,2326.5714285714284,-1.2857142857142858,0.3128753540656932,1.3636363636363635
2025-04-30,7.0,34.0,9.0,2309,12.0,False,False,1.0,2343.0,-3.0,0.21701388888888395,0.6011163589523472,False,0,2302.8571428571427,2297.3571428571427,2328.0,-1.5714285714285714,0.3136841065229895,1.3333333333333333
2025-05-01,13.0,32.0,14.0,2306,16.0,False,False,1.0,2338.0,-2.0,-0.12992637505413462,-0.21340162185232714,False,0,2303.0,2299.0,2330.0,-1.4285714285714286,0.2728914609248499,1.1428571428571428
2025-05-04,9.0,31.0,10.0,2335,5.0,False,False,3.0,2366.0,5.0,1.2575888985255856,1.1976047904191711,True,2,2308.0,2302.785714285714,2336.1428571428573,0.2857142857142857,0.4150459168966359,0.5
2025-05-05,15.0,44.0,20.0,2331,17.0,False,False,1.0,2375.0,3.0,-0.17130620985010836,0.3803888419273038,True,3,2313.285714285714,2306.0,2346.4285714285716,1.5714285714285714,0.42460713994448657,0.85
2025-05-06,10.0,33.0,16.0,2339,16.0,False,False,1.0,2372.0,0.0,0.343200343200345,-0.1263157894736855,False,0,2318.714285714286,2309.4285714285716,2350.8571428571427,0.42857142857142855,0.42767076638596535,1.0
2025-05-07,10.0,30.0,15.0,2335,10.0,False,False,1.0,2365.0,5.0,-0.17101325352715246,-0.295109612141653,True,2,2322.714285714286,2312.785714285714,2355.4285714285716,0.5714285714285714,0.42981732049836513,0.6666666666666666
2025-05-08,15.0,24.0,16.0,2361,11.0,False,False,1.0,2385.0,5.0,1.1134903640257043,0.8456659619450413,True,3,2330.8571428571427,2316.785714285714,2363.4285714285716,1.8571428571428572,0.4780831699473267,0.6875
2025-05-11,15.0,20.0,12.0,2385,3.0,False,False,3.0,2405.0,9.0,1.016518424396451,0.8385744234800763,True,4,2341.714285714286,2322.285714285714,2372.285714285714,3.5714285714285716,0.5280946974418488,0.25
2025-05-12,7.0,33.0,14.0,2392,7.0,False,False,1.0,2425.0,7.0,0.2935010482180367,0.8316008316008316,True,5,2354.0,2328.5,2384.714285714286,4.857142857142857,0.5175434692142805,0.5
2025-05-13,18.0,29.0,12.0,2394,11.0,False,False,1.0,2423.0,1.0,0.08361204013378476,-0.08247422680411898,True,6,2362.4285714285716,2335.214285714286,2392.8571428571427,4.285714285714286,0.5019603035634997,0.9166666666666666
2025-05-14,7.0,30.0,14.0,2394,11.0,False,False,1.0,2424.0,3.0,0.0,0.04127115146512761,True,7,2371.4285714285716,2342.3571428571427,2399.8571428571427,4.285714285714286,0.484571223792625,0.7857142857142857
2025-05-15,15.0,31.0,14.0,2410,14.0,False,False,1.0,2441.0,0.0,0.6683375104427736,0.7013201320132056,False,0,2381.5714285714284,2350.1428571428573,2409.714285714286,4.285714285714286,0.49413098359629215,1.0
2025-05-18,13.0,28.0,14.0,2437,9.0,False,False,3.0,2465.0,5.0,1.120331950207465,0.9832036050798854,True,2,2396.1428571428573,2359.4285714285716,2424.0,4.285714285714286,0.5361764342104971,0.6428571428571429
2025-05-19,7.0,27.0,17.0,2457,6.0,False,False,1.0,2484.0,11.0,0.8206811653672652,0.7707910750507141,True,3,2409.8571428571427,2370.3571428571427,2438.1428571428573,5.142857142857143,0.524831261986823,0.35294117647058826
2025-05-21,14.0,62.0,13.0,2467,18.0,False,False,2.0,2529.0,-5.0,0.40700040700041296,1.8115942028985588,False,0,2421.5714285714284,2381.6428571428573,2455.8571428571427,3.142857142857143,0.5204593155070326,1.3846153846153846
2025-05-22,18.0,36.0,17.0,2473,15.0,False,False,1.0,2509.0,2.0,0.2432103769760774,-0.7908264136022192,True,2,2433.1428571428573,2393.5714285714284,2467.8571428571427,2.4285714285714284,0.4960730904837005,0.8823529411764706
2025-05-27,6.0,24.0,7.0,2504,11.0,False,False,5.0,2528.0,-4.0,1.2535382126971362,0.757273814268622,False,0,2448.8571428571427,2405.6428571428573,2482.8571428571427,1.7142857142857142,0.49559932067202583,1.5714285714285714
2025-05-28,12.0,39.0,12.0,2499,14.0,False,False,1.0,2538.0,-2.0,-0.19968051118210983,0.39556962025315556,False,0,2463.8571428571427,2417.6428571428573,2499.1428571428573,1.0,0.4986112828095769,1.1666666666666667
2025-05-29,13.0,38.0,15.0,2506,11.0,False,False,1.0,2544.0,4.0,0.2801120448179262,0.23640661938533203,True,2,2477.5714285714284,2429.5714285714284,2513.8571428571427,1.5714285714285714,0.5004141741273046,0.7333333333333333
2025-06-01,8.0,24.0,16.0,2528,12.0,False,False,3.0,2552.0,4.0,0.8778930566640142,0.3144654088050425,True,3,2490.5714285714284,2443.3571428571427,2526.285714285714,1.4285714285714286,0.47066956214275185,0.75
2025-06-02,10.0,19.0,5.0,2518,16.0,False,False,1.0,2537.0,-11.0,-0.39556962025316666,-0.5877742946708508,False,0,2499.285714285714,2454.5714285714284,2533.8571428571427,-1.7142857142857142,0.5079260837540511,3.2
2025-06-03,5.0,23.0,11.0,2519,15.0,False,False,1.0,2542.0,-4.0,0.03971405877680745,0.19708316909736734,False,0,2506.714285714286,2464.1428571428573,2535.714285714286,-1.5714285714285714,0.49277429332625644,1.3636363636363635
2025-06-04,4.0,16.0,9.0,2516,16.0,False,False,1.0,2532.0,-7.0,-0.11909487892021176,-0.3933910306844979,False,0,2512.8571428571427,2473.0,2539.0,-2.857142857142857,0.5111357464520538,1.7777777777777777
2025-06-05,8.0,26.0,5.0,2503,21.0,False,False,1.0,2529.0,-16.0,-0.5166931637519911,-0.11848341232227888,False,0,2512.714285714286,2480.785714285714,2539.1428571428573,-4.571428571428571,0.5592766336144755,4.2
2025-06-08,10.0,16.0,15.0,2507,13.0,False,False,3.0,2523.0,2.0,0.15980823012384793,-0.23724792408066353,True,2,2513.8571428571427,2488.8571428571427,2537.0,-4.0,0.5538478553114068,0.8666666666666667
2025-06-09,8.0,21.0,14.0,2516,9.0,False,False,1.0,2537.0,5.0,0.35899481451935333,0.5548949663099378,True,3,2515.285714285714,2496.4285714285716,2536.0,-3.857142857142857,0.545479019976858,0.6428571428571429
2025-06-10,17.0,28.0,7.0,2511,12.0,False,False,1.0,2539.0,-5.0,-0.1987281399046137,0.07883326763893361,False,0,2512.8571428571427,2501.714285714286,2534.1428571428573,-5.142857142857143,0.507191679134777,1.7142857142857142
2025-06-17,7.0,24.0,10.0,2523,14.0,False,False,7.0,2547.0,-4.0,0.4778972520907976,0.3150846790074935,False,0,2513.5714285714284,2506.4285714285716,2535.5714285714284,-4.142857142857143,0.4834248527997013,1.4
2025-06-19,8.0,19.0,7.0,2501,18.0,False,False,2.0,2520.0,-11.0,-0.8719778042013515,-1.0600706713780883,False,0,2511.0,2508.8571428571427,2532.4285714285716,-5.142857142857143,0.5549425256521925,2.5714285714285716
2025-06-22,7.0,13.0,5.0,2508,7.0,False,False,3.0,2521.0,-2.0,0.27988804478209506,0.03968253968253954,False,0,2509.8571428571427,2511.3571428571427,2530.8571428571427,-4.428571428571429,0.5557604291832616,1.4
2025-06-23,3.0,15.0,5.0,2495,17.0,False,False,1.0,2510.0,-12.0,-0.5183413078149957,-0.4363347877826218,False,0,2508.714285714286,2510.714285714286,2528.1428571428573,-3.857142857142857,0.46816778588785846,3.4
2025-06-24,5.0,20.0,5.0,2489,16.0,False,False,1.0,2509.0,-11.0,-0.24048096192385016,-0.03984063745019473,False,0,2506.1428571428573,2510.0,2526.1428571428573,-5.714285714285714,0.4694660184379036,3.2
2025-06-25,6.0,12.0,2.0,2470,24.0,False,False,1.0,2482.0,-22.0,-0.7633587786259555,-1.0761259465922657,False,0,2499.5714285714284,2507.4285714285716,2518.285714285714,-9.571428571428571,0.4987702162074686,12.0
2025-06-26,3.0,9.0,7.0,2447,35.0,False,False,1.0,2456.0,-28.0,-0.9311740890688314,-1.0475423045930743,False,0,2490.4285714285716,2501.6428571428573,2506.4285714285716,-12.857142857142858,0.45801210534317444,5.0
2025-06-29,5.0,17.0,7.0,2413,20.0,False,False,3.0,2430.0,-13.0,-1.389456477319162,-1.0586319218241047,False,0,2474.714285714286,2494.1428571428573,2489.714285714286,-14.142857142857142,0.5526669625531683,2.857142857142857
2025-06-30,9.0,22.0,8.0,2407,16.0,False,False,1.0,2429.0,-8.0,-0.2486531288852012,-0.04115226337448874,False,0,2461.285714285714,2486.1428571428573,2476.714285714286,-13.714285714285714,0.5442469478742383,2.0
2025-07-01,7.0,14.0,6.0,2391,22.0,False,False,1.0,2405.0,-16.0,-0.6647278770253395,-0.9880609304240395,False,0,2444.5714285714284,2477.214285714286,2460.1428571428573,-15.714285714285714,0.5480487036352957,3.6666666666666665
2025-07-02,8.0,20.0,9.0,2373,38.0,False,False,1.0,2393.0,-29.0,-0.7528230865746499,-0.498960498960499,False,0,2427.1428571428573,2467.9285714285716,2443.4285714285716,-18.142857142857142,0.5567425604309711,4.222222222222222
2025-07-06,4.0,17.0,2.0,2332,8.0,False,False,4.0,2349.0,-6.0,-1.7277707543194243,-1.8386961972419513,False,0,2404.714285714286,2455.4285714285716,2420.5714285714284,-17.428571428571427,0.6387881634545896,4.0
2025-07-07,3.0,18.0,8.0,2317,20.0,False,False,1.0,2335.0,-12.0,-0.6432246998284707,-0.5959982971477262,False,0,2382.8571428571427,2441.214285714286,2399.5714285714284,-16.0,0.5875794070209747,2.5
2025-07-08,5.0,16.0,8.0,2306,20.0,False,False,1.0,2322.0,-12.0,-0.4747518342684498,-0.5567451820128522,False,0,2362.714285714286,2426.5714285714284,2380.4285714285716,-13.714285714285714,0.5781692125401305,2.5
2025-07-09,2.0,18.0,0.0,2281,32.0,False,False,1.0,2299.0,-32.0,-1.0841283607979202,-0.9905254091300608,False,0,2343.8571428571427,2409.285714285714,2361.714285714286,-16.428571428571427,0.4983422993267529,
2025-07-10,2.0,12.0,3.0,2252,39.0,False,False,1.0,2264.0,-36.0,-1.2713722051731713,-1.5224010439321423,False,0,2321.714285714286,2391.5,2338.1428571428573,-20.428571428571427,0.5189340047595421,13.0
2025-07-13,1.0,13.0,4.0,2204,10.0,False,False,3.0,2217.0,-6.0,-2.131438721136769,-2.075971731448767,False,0,2295.0,2369.785714285714,2311.285714285714,-19.0,0.5517223929668054,2.5
2025-07-14,2.0,9.0,1.0,2181,26.0,False,False,1.0,2190.0,-25.0,-1.0435571687840262,-1.2178619756427644,False,0,2267.5714285714284,2347.3571428571427,2282.285714285714,-18.428571428571427,0.5402474697589805,26.0
2025-07-15,0.0,8.0,5.0,2171,17.0,False,False,1.0,2179.0,-12.0,-0.4585052728106387,-0.5022831050228271,False,0,2244.5714285714284,2324.6428571428573,2258.0,-19.285714285714285,0.5208680247608727,3.4
2025-07-16,1.0,9.0,0.0,2164,11.0,False,False,1.0,2173.0,-11.0,-0.32243205895901017,-0.275355667737498,False,0,2222.714285714286,2302.785714285714,2234.8571428571427,-19.142857142857142,0.547020852710992,
2025-07-17,3.0,16.0,2.0,2153,17.0,False,False,1.0,2169.0,-15.0,-0.5083179297597051,-0.18407731247124248,False,0,2200.8571428571427,2281.785714285714,2213.0,-19.571428571428573,0.5590202663092038,8.5
2025-07-21,4.0,18.0,7.0,2121,16.0,False,False,4.0,2139.0,-9.0,-1.4862981885740867,-1.3831258644536604,False,0,2178.0,2260.9285714285716,2190.1428571428573,-16.285714285714285,0.5659831074550881,2.2857142857142856
2025-07-22,5.0,13.0,3.0,2117,16.0,False,False,1.0,2130.0,-13.0,-0.1885902876001877,-0.42075736325385416,False,0,2158.714285714286,2240.214285714286,2171.0,-13.0,0.5716267813579541,5.333333333333333
2025-07-23,6.0,21.0,5.0,2111,14.0,False,False,1.0,2132.0,-9.0,-0.28341993386867825,0.09389671361501595,False,0,2145.4285714285716,2220.214285714286,2158.8571428571427,-13.428571428571429,0.5929638210974036,2.8
2025-07-24,6.0,18.0,7.0,2096,29.0,False,False,1.0,2114.0,-22.0,-0.710563713879675,-0.8442776735459678,False,0,2133.285714285714,2200.4285714285716,2148.0,-13.0,0.5937901868996689,4.142857142857143
2025-07-27,1.0,12.0,2.0,2088,4.0,False,False,3.0,2100.0,-2.0,-0.3816793893129722,-0.6622516556291425,False,0,2121.4285714285716,2183.0,2136.714285714286,-11.571428571428571,0.5537684946690026,2.0
2025-07-28,2.0,9.0,3.0,2080,14.0,False,False,1.0,2089.0,-11.0,-0.3831417624521105,-0.5238095238095264,False,0,2109.4285714285716,2166.0714285714284,2124.714285714286,-11.571428571428571,0.563168804725362,4.666666666666667
2025-07-29,2.0,8.0,3.0,2072,12.0,False,False,1.0,2080.0,-9.0,-0.38461538461538325,-0.43082814743896636,False,0,2097.8571428571427,2149.3571428571427,2112.0,-10.714285714285714,0.5672586425907923,4.0
2025-07-30,4.0,15.0,4.0,2063,16.0,False,False,1.0,2078.0,-12.0,-0.4343629343629307,-0.09615384615384581,False,0,2089.5714285714284,2133.785714285714,2103.285714285714,-11.142857142857142,0.5652646927054217,4.0
2025-07-31,2.0,9.0,6.0,2058,15.0,False,False,1.0,2067.0,-9.0,-0.2423654871546277,-0.5293551491819093,False,0,2081.1428571428573,2119.9285714285716,2094.285714285714,-10.571428571428571,0.5539247691319029,2.5
2025-08-03,5.0,26.0,3.0,2049,5.0,False,False,3.0,2075.0,-2.0,-0.4373177842565634,0.38703434929849845,False,0,2072.285714285714,2108.8571428571427,2086.1428571428573,-9.571428571428571,0.3508604305253069,1.6666666666666667
2025-08-04,5.0,22.0,11.0,2040,14.0,False,False,1.0,2062.0,-3.0,-0.43923865300146137,-0.6265060240963849,False,0,2064.285714285714,2098.785714285714,2078.714285714286,-6.857142857142857,0.3168818666952242,1.2727272727272727
2025-08-05,2.0,21.0,10.0,2042,14.0,False,False,1.0,2063.0,-4.0,0.09803921568627416,0.04849660523762456,False,0,2057.714285714286,2089.5714285714284,2073.4285714285716,-7.142857142857143,0.3521607509300935,1.4
2025-08-06,4.0,17.0,3.0,2036,13.0,False,False,1.0,2053.0,-10.0,-0.2938295788442735,-0.4847309743092554,False,0,2051.4285714285716,2080.4285714285716,2068.285714285714,-7.0,0.3529525014212137,4.333333333333333
2025-08-07,4.0,18.0,6.0,2031,17.0,False,False,1.0,2049.0,-11.0,-0.24557956777996326,-0.1948368241597609,False,0,2045.5714285714287,2071.714285714286,2063.8571428571427,-7.285714285714286,0.35567035106326994,2.8333333333333335
2025-08-10,0.0,18.0,8.0,2006,12.0,False,False,3.0,2024.0,-4.0,-1.230920728705076,-1.2201073694485087,False,0,2037.4285714285713,2063.5,2056.1428571428573,-6.142857142857143,0.2984594701913934,1.5
2025-08-11,6.0,23.0,4.0,1999,16.0,False,False,1.0,2022.0,-12.0,-0.34895314057826754,-0.09881422924901129,False,0,2029.0,2055.0714285714284,2049.714285714286,-6.571428571428571,0.29287188350427096,4.0
2025-08-12,8.0,38.0,9.0,1999,9.0,False,False,1.0,2037.0,0.0,0.0,0.7418397626112849,False,0,2021.857142857143,2047.0714285714287,2044.2857142857142,-6.285714285714286,0.31138749744702293,1.0
2025-08-13,6.0,22.0,12.0,1997,17.0,False,False,1.0,2019.0,-5.0,-0.10005002501251026,-0.8836524300441795,False,0,2015.7142857142858,2040.0,2038.142857142857,-6.571428571428571,0.3054597168850031,1.4166666666666667
2025-08-14,3.0,27.0,4.0,1994,11.0,False,False,1.0,2021.0,-7.0,-0.1502253380070151,0.0990589400693409,False,0,2008.857142857143,2033.2857142857142,2032.142857142857,-7.0,0.30953323536247135,2.75
2025-08-17,4.0,14.0,2.0,1991,3.0,False,False,3.0,2005.0,-1.0,-0.15045135406218657,-0.7916872835230127,False,0,2002.4285714285713,2026.9285714285713,2025.2857142857142,-5.714285714285714,0.3125791940934739,1.5
2025-08-18,4.0,20.0,6.0,1985,14.0,False,False,1.0,2005.0,-8.0,-0.30135610246107003,0.0,False,0,1995.857142857143,2020.7142857142858,2019.0,-5.285714285714286,0.3118706882885245,2.3333333333333335
2025-08-19,5.0,35.0,3.0,1980,11.0,False,False,1.0,2015.0,-8.0,-0.25188916876573986,0.4987531172069737,False,0,1992.142857142857,2014.7857142857142,2017.7142857142858,-5.857142857142857,0.3098763083700806,3.6666666666666665
2025-08-20,10.0,38.0,10.0,1983,10.0,False,False,1.0,2021.0,0.0,0.15151515151514694,0.29776674937964653,False,0,1989.857142857143,2009.4285714285713,2017.5714285714287,-4.142857142857143,0.33187221146108287,1.0
2025-08-21,6.0,49.0,8.0,1972,21.0,False,False,1.0,2021.0,-13.0,-0.5547150781644028,0.0,False,0,1986.0,2003.9285714285713,2015.2857142857142,-6.0,0.33800654419124826,2.625
2025-08-24,4.0,21.0,5.0,1981,5.0,False,False,3.0,2002.0,0.0,0.4563894523326617,-0.9401286491835692,False,0,1983.7142857142858,1999.7142857142858,2012.857142857143,-5.285714285714286,0.385481794139699,1.0
2025-08-25,8.0,30.0,8.0,1980,11.0,False,False,1.0,2010.0,-3.0,-0.050479555779914254,0.3996003996004083,False,0,1981.7142857142858,1995.2857142857142,2011.2857142857142,-4.714285714285714,0.3783684793269387,1.375
2025-08-26,10.0,21.0,20.0,1989,15.0,False,False,1.0,2010.0,5.0,0.454545454545463,0.0,True,2,1981.4285714285713,1991.9285714285713,2012.0,-3.857142857142857,0.41783880309278715,0.75
2025-08-27,5.0,19.0,9.0,1988,19.0,False,False,1.0,2007.0,-10.0,-0.05027652086475598,-0.14925373134327957,False,0,1981.857142857143,1988.857142857143,2012.2857142857142,-4.142857142857143,0.41823290236283117,2.111111111111111
2025-08-28,8.0,33.0,6.0,1984,17.0,False,False,1.0,2017.0,-11.0,-0.2012072434607659,0.49825610363727346,False,0,1982.4285714285713,1987.2857142857142,2012.5714285714287,-4.571428571428571,0.2823516915103365,2.8333333333333335
2025-09-01,10.0,29.0,17.0,2010,5.0,False,False,4.0,2039.0,12.0,1.310483870967749,1.0907288051561714,True,2,1986.2857142857142,1988.0714285714287,2015.142857142857,-2.857142857142857,0.4553435452054448,0.29411764705882354
2025-09-02,6.0,35.0,9.0,2020,9.0,False,False,1.0,2055.0,0.0,0.4975124378109541,0.7846983815595898,False,0,1993.142857142857,1989.5714285714287,2020.0,-1.0,0.47110884780881324,1.0
2025-09-03,4.0,29.0,11.0,2019,10.0,False,False,1.0,2048.0,1.0,-0.04950495049504955,-0.3406326034063212,True,2,1998.5714285714287,1991.142857142857,2026.5714285714287,-0.8571428571428571,0.46985037353219494,0.9090909090909091
2025-09-04,11.0,40.0,2.0,2015,14.0,False,False,1.0,2055.0,-12.0,-0.1981178801386818,0.341796875,False,0,2003.5714285714287,1992.642857142857,2033.0,-2.142857142857143,0.471820352441326,7.0
2025-09-07,4.0,19.0,9.0,2026,7.0,False,False,3.0,2045.0,2.0,0.5459057071960371,-0.48661800486617945,True,2,2008.857142857143,1995.142857142857,2038.0,-2.5714285714285716,0.48270365409796223,0.7777777777777778
2025-09-08,7.0,25.0,5.0,2025,6.0,False,False,1.0,2050.0,-1.0,-0.049358341559724295,0.24449877750611915,False,0,2014.142857142857,1998.0,2044.142857142857,-1.2857142857142858,0.47009041828721043,1.2
2025-09-09,18.0,42.0,11.0,2023,14.0,False,False,1.0,2065.0,-3.0,-0.09876543209876854,0.7317073170731714,False,0,2019.7142857142858,2001.0714285714287,2051.0,-0.14285714285714285,0.46188999172135614,1.2727272727272727
2025-09-10,10.0,47.0,14.0,2025,18.0,False,False,1.0,2072.0,-4.0,0.0988630746416197,0.3389830508474523,False,0,2021.857142857143,2004.0714285714287,2055.714285714286,-2.4285714285714284,0.46213103802462996,1.2857142857142858
2025-09-11,12.0,38.0,29.0,2047,6.0,False,False,1.0,2085.0,23.0,1.0864197530864095,0.6274131274131234,True,2,2025.7142857142858,2009.4285714285713,2060.0,0.8571428571428571,0.4772985853070903,0.20689655172413793
2025-09-14,7.0,39.0,13.0,2083,5.0,False,False,3.0,2122.0,8.0,1.7586712261846715,1.7745803357314127,True,3,2034.857142857143,2016.7142857142858,2070.5714285714284,1.8571428571428572,0.621844444623599,0.38461538461538464
2025-09-15,9.0,47.0,10.0,2086,10.0,False,False,1.0,2133.0,0.0,0.1440230436869916,0.5183788878416529,False,0,2045.0,2024.2857142857142,2081.714285714286,3.5714285714285716,0.6140670721299614,1.0
2025-09-16,7.0,28.0,17.0,2095,12.0,False,False,1.0,2123.0,5.0,0.431447746883995,-0.46882325363337696,True,2,2054.8571428571427,2031.857142857143,2092.8571428571427,4.0,0.6138677444908344,0.7058823529411765
2025-09-17,7.0,38.0,5.0,2096,13.0,False,False,1.0,2134.0,-8.0,0.04773269689737347,0.5181347150259086,False,0,2065.0,2039.5714285714287,2104.8571428571427,3.0,0.6092068753374124,2.6
2025-09-18,20.0,52.0,11.0,2096,14.0,False,False,1.0,2148.0,-3.0,0.0,0.6560449859418949,False,0,2075.4285714285716,2047.5714285714287,2116.714285714286,3.0,0.5966778287320054,1.2727272727272727
2025-09-21,8.0,35.0,13.0,2134,5.0,False,False,3.0,2169.0,8.0,1.8129770992366456,0.9776536312849249,True,2,2091.0,2056.4285714285716,2130.5714285714284,4.714285714285714,0.6669774951073578,0.38461538461538464
2025-09-22,17.0,40.0,14.0,2141,10.0,False,False,1.0,2181.0,4.0,0.32802249297094743,0.5532503457814641,True,3,2104.4285714285716,2065.0714285714284,2144.285714285714,2.0,0.6672068818858283,0.7142857142857143
2025-09-23,11.0,36.0,10.0,2145,15.0,False,False,1.0,2181.0,-5.0,0.18682858477347963,0.0,False,0,2113.285714285714,2074.0714285714284,2152.714285714286,0.14285714285714285,0.657373670790126,1.5
2025-09-24,3.0,38.0,12.0,2138,17.0,False,False,1.0,2176.0,-5.0,-0.32634032634032417,-0.22925263640531934,False,0,2120.714285714286,2082.8571428571427,2158.8571428571427,-0.5714285714285714,0.6676902504621015,1.4166666666666667
2025-09-25,6.0,35.0,12.0,2132,18.0,False,False,1.0,2167.0,-6.0,-0.280636108512633,-0.4136029411764719,False,0,2126.0,2090.4285714285716,2165.1428571428573,-2.142857142857143,0.6923749198684814,1.5
2025-09-28,11.0,29.0,12.0,2146,9.0,False,False,3.0,2175.0,3.0,0.6566604127579811,0.369173973234882,True,2,2133.1428571428573,2099.0714285714284,2171.0,-0.5714285714285714,0.6853821862851792,0.75
2025-09-29,8.0,35.0,12.0,2148,13.0,False,False,1.0,2183.0,-1.0,0.09319664492077884,0.36781609195402076,False,0,2140.5714285714284,2108.0,2176.0,-0.2857142857142857,0.6761155685108119,1.0833333333333333
2025-09-30,8.0,32.0,12.0,2159,7.0,False,False,1.0,2191.0,5.0,0.5121042830539935,0.3664681630783262,True,2,2144.1428571428573,2117.5714285714284,2179.1428571428573,-0.7142857142857143,0.6694749027586587,0.5833333333333334
2025-10-01,4.0,33.0,12.0,2163,14.0,False,False,1.0,2196.0,-2.0,0.18527095877720612,0.22820629849384932,False,0,2147.285714285714,2125.8571428571427,2181.285714285714,-1.5714285714285714,0.647661813859453,1.1666666666666667
2025-10-02,20.0,51.0,15.0,2164,16.0,False,False,1.0,2215.0,-1.0,0.046232085067043904,0.8652094717668479,False,0,2150.0,2131.6428571428573,2186.1428571428573,-1.0,0.5196535537828015,1.0666666666666667
2025-10-05,8.0,28.0,13.0,2180,16.0,False,False,3.0,2208.0,-3.0,0.7393715341959428,-0.31602708803611934,False,0,2156.0,2138.3571428571427,2190.714285714286,-0.7142857142857143,0.5323928487289187,1.2307692307692308
2025-10-06,5.0,33.0,15.0,2187,10.0,False,False,1.0,2220.0,5.0,0.32110091743118296,0.5434782608695565,True,2,2163.8571428571427,2144.9285714285716,2198.285714285714,0.8571428571428571,0.5313781630268851,0.6666666666666666
2025-10-07,11.0,45.0,4.0,2189,10.0,False,False,1.0,2234.0,-6.0,0.09144947416552807,0.6306306306306242,False,0,2170.0,2151.5714285714284,2206.714285714286,-0.42857142857142855,0.5298525643840605,2.5
2025-10-08,8.0,49.0,15.0,2192,17.0,False,False,1.0,2241.0,-2.0,0.13704888076746524,0.3133393017009878,False,0,2176.285714285714,2158.4285714285716,2215.0,-0.5714285714285714,0.5248901284559472,1.1333333333333333
2025-10-09,11.0,55.0,13.0,2192,12.0,False,False,1.0,2247.0,1.0,0.0,0.2677376171352108,True,2,2181.0,2162.5714285714284,2223.0,-1.1428571428571428,0.3071329532082299,0.9230769230769231
2025-10-13,8.0,24.0,7.0,2223,6.0,False,False,4.0,2247.0,1.0,1.414233576642343,0.0,True,3,2189.5714285714284,2168.4285714285716,2230.285714285714,-0.7142857142857143,0.4486747591041218,0.8571428571428571
2025-10-14,7.0,30.0,16.0,2235,8.0,False,False,1.0,2265.0,8.0,0.5398110661268607,0.8010680907877266,True,4,2199.714285714286,2174.8571428571427,2237.4285714285716,0.5714285714285714,0.4535478701764845,0.5
2025-10-15,8.0,29.0,10.0,2225,15.0,False,False,1.0,2254.0,-5.0,-0.4474272930648726,-0.4856512141280356,False,0,2206.1428571428573,2181.0714285714284,2244.0,0.2857142857142857,0.4672548572891407,1.5
2025-10-16,9.0,33.0,15.0,2233,9.0,False,False,1.0,2266.0,6.0,0.35955056179775013,0.5323868677906018,True,2,2212.714285714286,2188.285714285714,2250.5714285714284,0.42857142857142855,0.4379065064455813,0.6
2025-10-19,9.0,34.0,17.0,2237,7.0,False,False,3.0,2271.0,10.0,0.17913121361397,0.22065313327448433,True,3,2219.5714285714284,2194.785714285714,2255.8571428571427,2.7142857142857144,0.4291875044270683,0.4117647058823529
2025-10-20,10.0,39.0,6.0,2243,7.0,False,False,1.0,2282.0,-1.0,0.26821636119802594,0.484368119771017,False,0,2226.8571428571427,2201.5714285714284,2261.714285714286,2.857142857142857,0.42529652048779304,1.1666666666666667
2025-10-21,13.0,39.0,17.0,2251,9.0,False,False,1.0,2290.0,8.0,0.3566651805617438,0.35056967572304476,True,2,2235.285714285714,2208.1428571428573,2267.8571428571427,3.857142857142857,0.42163999376693884,0.5294117647058824
2025-10-22,12.0,42.0,13.0,2261,12.0,False,False,1.0,2303.0,1.0,0.44424700133274264,0.5676855895196509,True,3,2240.714285714286,2215.1428571428573,2275.8571428571427,3.857142857142857,0.4219317551656375,0.9230769230769231
2025-10-23,4.0,27.0,26.0,2266,18.0,False,False,1.0,2293.0,8.0,0.2211410880141429,-0.43421623968736833,True,4,2245.1428571428573,2222.4285714285716,2279.8571428571427,3.857142857142857,0.41581625999623567,0.6923076923076923
2025-10-26,4.0,35.0,12.0,2276,10.0,False,False,3.0,2311.0,2.0,0.44130626654899086,0.7849978194504947,True,5,2252.4285714285716,2229.285714285714,2288.0,4.857142857142857,0.40061419338776627,0.8333333333333334
2025-10-27,2.0,31.0,8.0,2282,11.0,False,False,1.0,2313.0,-3.0,0.2636203866432263,0.08654262224145892,False,0,2259.4285714285716,2236.0714285714284,2294.714285714286,3.5714285714285716,0.4007755257224266,1.375
2025-10-28,6.0,22.0,11.0,2286,6.0,False,False,1.0,2308.0,5.0,0.17528483786153348,-0.2161694768698652,True,2,2266.4285714285716,2243.0,2300.0,2.857142857142857,0.3979568499319442,0.5454545454545454
2025-10-29,6.0,25.0,4.0,2280,17.0,False,False,1.0,2305.0,-13.0,-0.2624671916010457,-0.12998266897746857,False,0,2271.714285714286,2249.285714285714,2303.285714285714,1.1428571428571428,0.4248025219113492,4.25
2025-10-30,3.0,17.0,14.0,2287,12.0,False,False,1.0,2304.0,2.0,0.3070175438596445,-0.04338394793925726,True,2,2276.8571428571427,2256.0714285714284,2305.285714285714,0.2857142857142857,0.4169559450956706,0.8571428571428571
2025-11-02,5.0,21.0,10.0,2277,7.0,False,False,3.0,2298.0,3.0,-0.4372540445999107,-0.26041666666666297,True,3,2279.1428571428573,2259.9285714285716,2304.5714285714284,0.5714285714285714,0.32024103674228893,0.7
2025-11-03,3.0,28.0,5.0,2269,12.0,False,False,1.0,2297.0,-7.0,-0.3513394817742599,-0.04351610095735259,False,0,2279.5714285714284,2262.3571428571427,2305.1428571428573,-1.5714285714285714,0.3299402954255016,2.4
2025-11-04,6.0,33.0,6.0,2270,8.0,False,False,1.0,2303.0,-2.0,0.044072278536799736,0.2612102742707956,False,0,2278.714285714286,2265.5714285714284,2304.0,-2.142857142857143,0.2899761577149996,1.3333333333333333
2025-11-05,8.0,41.0,8.0,2272,7.0,False,False,1.0,2313.0,1.0,0.08810572687225626,0.43421623968735723,True,2,2277.285714285714,2268.3571428571427,2304.0,-1.5714285714285714,0.2834207718501482,0.875
2025-11-06,6.0,33.0,9.0,2264,19.0,False,False,1.0,2297.0,-10.0,-0.35211267605633756,-0.6917423259835687,False,0,2274.1428571428573,2270.285714285714,2302.4285714285716,-3.7142857142857144,0.3098229258564708,2.111111111111111
2025-11-09,11.0,33.0,5.0,2294,4.0,False,False,3.0,2327.0,1.0,1.3250883392226243,1.3060513713539335,True,2,2276.1428571428573,2273.9285714285716,2305.5714285714284,-1.7142857142857142,0.4531809098068133,0.8
2025-11-11,11.0,39.0,12.0,2294,14.0,False,False,2.0,2333.0,-2.0,0.0,0.25784271594326835,False,0,2277.1428571428573,2277.0,2309.714285714286,-2.2857142857142856,0.45139745199413667,1.1666666666666667
2025-11-12,14.0,48.0,20.0,2302,7.0,False,False,1.0,2350.0,13.0,0.34873583260679464,0.7286755250750065,True,2,2280.714285714286,2279.9285714285716,2317.1428571428573,-0.8571428571428571,0.4470846826505819,0.35
2025-11-13,6.0,26.0,16.0,2317,5.0,False,False,1.0,2343.0,11.0,0.6516072980017329,-0.29787234042553123,True,3,2287.5714285714284,2283.5714285714284,2323.714285714286,1.7142857142857142,0.46818587516786386,0.3125
2025-11-16,5.0,22.0,3.0,2340,5.0,False,False,3.0,2362.0,-2.0,0.9926629261976627,0.8109261630388387,False,0,2297.5714285714284,2288.1428571428573,2332.1428571428573,1.7142857142857142,0.5145515963494771,1.6666666666666667
2025-11-17,1.0,35.0,6.0,2343,8.0,False,False,1.0,2378.0,-2.0,0.12820512820512775,0.6773920406435208,False,0,2307.714285714286,2292.5,2341.4285714285716,1.2857142857142858,0.5145263421829684,1.3333333333333333
2025-11-18,2.0,38.0,8.0,2345,12.0,False,False,1.0,2383.0,-4.0,0.08536064874093974,0.2102607232968845,False,0,2319.285714285714,2296.714285714286,2353.714285714286,2.142857142857143,0.5152826074243826,1.5
2025-11-19,7.0,32.0,3.0,2340,10.0,False,False,1.0,2372.0,-7.0,-0.2132196162046962,-0.46160302140159093,False,0,2325.8571428571427,2301.0,2360.1428571428573,1.0,0.5121632779375016,3.3333333333333335
2025-11-20,18.0,57.0,8.0,2340,9.0,False,False,1.0,2397.0,-1.0,0.0,1.0539629005059004,False,0,2332.4285714285716,2304.785714285714,2369.285714285714,1.1428571428571428,0.5131974366444348,1.125
2025-11-23,3.0,46.0,22.0,2375,1.0,False,False,3.0,2421.0,21.0,1.4957264957264904,1.001251564455563,True,2,2342.8571428571427,2311.785714285714,2379.4285714285716,2.2857142857142856,0.5925882921615977,0.045454545454545456
2025-11-24,9.0,40.0,9.0,2371,13.0,False,False,1.0,2411.0,-4.0,-0.16842105263158436,-0.41305245766212195,False,0,2350.5714285714284,2319.0714285714284,2389.1428571428573,0.14285714285714285,0.5789085135363935,1.4444444444444444
2025-11-25,6.0,47.0,14.0,2375,11.0,False,False,1.0,2422.0,3.0,0.1687051876845258,0.45624222314393226,True,2,2355.5714285714284,2326.5714285714284,2397.714285714286,0.8571428571428571,0.5753504063801146,0.7857142857142857
2025-11-27,4.0,24.0,8.0,2389,7.0,False,False,2.0,2413.0,1.0,0.5894736842105175,-0.37159372419488523,True,3,2362.1428571428573,2334.9285714285716,2402.714285714286,1.2857142857142858,0.5750722896829646,0.875
2025-11-30,4.0,18.0,10.0,2415,0.0,False,False,3.0,2433.0,10.0,1.0883214734198399,0.8288437629506928,True,4,2372.1428571428573,2345.714285714286,2409.8571428571427,3.2857142857142856,0.5664952456859897,0.0
2025-12-01,4.0,26.0,4.0,2410,9.0,False,False,1.0,2436.0,-5.0,-0.20703933747412417,0.12330456226881115,False,0,2382.1428571428573,2354.0,2419.0,3.5714285714285716,0.5343756810386117,2.25
2025-12-02,7.0,34.0,6.0,2407,8.0,False,False,1.0,2441.0,-2.0,-0.12448132780082943,0.20525451559934016,False,0,2391.714285714286,2362.0714285714284,2425.285714285714,3.4285714285714284,0.5417095862032892,1.3333333333333333
2025-12-03,4.0,32.0,8.0,2419,7.0,False,False,1.0,2451.0,1.0,0.4985459077690102,0.4096681687832948,True,2,2398.0,2370.4285714285716,2429.5714285714284,0.5714285714285714,0.5432579251236964,0.875
2025-12-04,16.0,39.0,7.0,2418,13.0,False,False,1.0,2457.0,-6.0,-0.04133939644481721,0.244798041615657,False,0,2404.714285714286,2377.6428571428573,2436.1428571428573,0.2857142857142857,0.5458246571969834,1.8571428571428572
2025-12-07,4.0,24.0,13.0,2429,12.0,False,False,3.0,2453.0,1.0,0.454921422663368,-0.16280016280015852,True,2,2412.4285714285716,2384.0,2440.5714285714284,0.0,0.5116856883426065,0.9230769230769231
2025-12-08,9.0,27.0,9.0,2440,4.0,False,False,1.0,2467.0,5.0,0.45286125977768155,0.570729718711771,True,3,2419.714285714286,2390.9285714285716,2448.285714285714,0.5714285714285714,0.5122096618283275,0.4444444444444444
2025-12-09,4.0,30.0,7.0,2443,8.0,False,False,1.0,2473.0,-1.0,0.12295081967212962,0.2432103769760774,False,0,2423.714285714286,2397.9285714285716,2454.0,-1.0,0.511144008257629,1.1428571428571428
2025-12-10,10.0,54.0,5.0,2439,9.0,False,False,1.0,2493.0,-4.0,-0.16373311502251298,0.8087343307723316,False,0,2427.8571428571427,2405.0,2462.1428571428573,-0.8571428571428571,0.5075243380215307,1.8
2025-12-11,7.0,47.0,9.0,2437,10.0,False,False,1.0,2484.0,-1.0,-0.08200082000819897,-0.3610108303249149,False,0,2432.1428571428573,2411.9285714285716,2468.285714285714,-0.7142857142857143,0.5116793018395234,1.1111111111111112
2025-12-14,8.0,35.0,4.0,2462,8.0,False,False,3.0,2497.0,-4.0,1.0258514567090593,0.523349436392917,False,0,2438.285714285714,2418.1428571428573,2474.8571428571427,-1.4285714285714286,0.4365228848243786,2.0
2025-12-15,11.0,42.0,9.0,2470,7.0,False,False,1.0,2512.0,2.0,0.32493907392363575,0.6007208650380402,True,2,2445.714285714286,2425.214285714286,2482.714285714286,-0.2857142857142857,0.41899646589925815,0.7777777777777778
2025-12-16,8.0,54.0,15.0,2468,9.0,False,False,1.0,2522.0,6.0,-0.08097165991902688,0.398089171974525,True,3,2451.285714285714,2431.8571428571427,2492.5714285714284,0.42857142857142855,0.42988554046478394,0.6
2025-12-17,7.0,31.0,11.0,2481,10.0,False,False,1.0,2512.0,1.0,0.5267423014586603,-0.3965107057890549,True,4,2457.1428571428573,2438.4285714285716,2499.0,-0.14285714285714285,0.42667716943163997,0.9090909090909091
2025-12-18,11.0,50.0,6.0,2472,16.0,False,False,1.0,2522.0,-10.0,-0.36275695284159193,0.398089171974525,False,0,2461.285714285714,2442.5,2506.0,-1.4285714285714286,0.3873232386114453,2.6666666666666665
2025-12-21,6.0,18.0,11.0,2484,14.0,False,False,3.0,2502.0,-3.0,0.4854368932038833,-0.7930214115781098,False,0,2467.714285714286,2447.785714285714,2507.285714285714,-1.2857142857142858,0.37996495381917406,1.2727272727272727
